File Name,Number Original Ancestors,Mega Parent 0.01,Mega Parent 0.10,Mega Parent 0.25,Mega Parent 0.50,Mega Parent 0.75,Mega Parent 1.00
92977862_new_mexico_precincts_to_42_with_5000_sims.csv,43,40,24,-1,-1,-1,-1
83558400_new_mexico_precincts_to_42_with_5000_sims.csv,47,40,34,28,-1,-1,-1
25103680_new_mexico_precincts_to_42_with_5000_sims.csv,46,40,33,29,-1,-1,-1
37982250_new_mexico_precincts_to_42_with_5000_sims.csv,40,40,31,26,-1,-1,-1
87761091_new_mexico_precincts_to_42_with_5000_sims.csv,46,40,26,-1,-1,-1,-1
70928932_new_mexico_precincts_to_42_with_5000_sims.csv,52,40,33,-1,-1,-1,-1
3066787_new_mexico_precincts_to_42_with_5000_sims.csv,64,40,32,-1,-1,-1,-1
4143200_new_mexico_precincts_to_42_with_5000_sims.csv,48,39,36,35,-1,-1,-1
94375181_new_mexico_precincts_to_42_with_5000_sims.csv,39,39,36,27,25,-1,-1
54195676_new_mexico_precincts_to_42_with_5000_sims.csv,41,40,28,23,15,-1,-1
89995520_new_mexico_precincts_to_42_with_5000_sims.csv,48,40,37,30,-1,-1,-1
90367223_new_mexico_precincts_to_42_with_5000_sims.csv,41,39,35,25,10,-1,-1
63748341_new_mexico_precincts_to_42_with_5000_sims.csv,51,40,30,-1,-1,-1,-1
62042131_new_mexico_precincts_to_42_with_5000_sims.csv,44,40,33,-1,-1,-1,-1
91472960_new_mexico_precincts_to_42_with_5000_sims.csv,36,40,36,29,-1,-1,-1
5213848_new_mexico_precincts_to_42_with_5000_sims.csv,47,40,34,29,-1,-1,-1
43392536_new_mexico_precincts_to_42_with_5000_sims.csv,40,39,36,25,-1,-1,-1
13881076_new_mexico_precincts_to_42_with_5000_sims.csv,41,40,34,29,28,-1,-1
65906800_new_mexico_precincts_to_42_with_5000_sims.csv,56,40,37,-1,-1,-1,-1
28803356_new_mexico_precincts_to_42_with_5000_sims.csv,43,40,33,29,-1,-1,-1
37210543_new_mexico_precincts_to_42_with_5000_sims.csv,40,40,39,35,27,-1,-1
9200494_new_mexico_precincts_to_42_with_5000_sims.csv,31,40,37,19,-1,-1,-1
96442968_new_mexico_precincts_to_42_with_5000_sims.csv,43,40,25,-1,-1,-1,-1
76211432_new_mexico_precincts_to_42_with_5000_sims.csv,42,40,35,32,-1,-1,-1
49446360_new_mexico_precincts_to_42_with_5000_sims.csv,45,40,32,-1,-1,-1,-1
35361270_new_mexico_precincts_to_42_with_5000_sims.csv,53,40,36,-1,-1,-1,-1
11617193_new_mexico_precincts_to_42_with_5000_sims.csv,46,40,39,38,-1,-1,-1
53804057_new_mexico_precincts_to_42_with_5000_sims.csv,51,40,32,-1,-1,-1,-1
44532385_new_mexico_precincts_to_42_with_5000_sims.csv,43,40,36,33,-1,-1,-1
48363988_new_mexico_precincts_to_42_with_5000_sims.csv,31,40,34,29,-1,-1,-1
56278120_new_mexico_precincts_to_42_with_5000_sims.csv,41,40,36,35,-1,-1,-1
37105564_new_mexico_precincts_to_42_with_5000_sims.csv,47,39,30,16,-1,-1,-1
8919456_new_mexico_precincts_to_42_with_5000_sims.csv,38,40,28,20,-1,-1,-1
12078920_new_mexico_precincts_to_42_with_5000_sims.csv,40,40,34,16,-1,-1,-1
3924386_new_mexico_precincts_to_42_with_5000_sims.csv,51,40,36,10,-1,-1,-1
86223121_new_mexico_precincts_to_42_with_5000_sims.csv,53,39,35,13,-1,-1,-1
34767312_new_mexico_precincts_to_42_with_5000_sims.csv,15,40,36,27,21,20,-1
35910342_new_mexico_precincts_to_42_with_5000_sims.csv,35,40,38,33,-1,-1,-1
16566900_new_mexico_precincts_to_42_with_5000_sims.csv,52,40,32,17,-1,-1,-1
42061032_new_mexico_precincts_to_42_with_5000_sims.csv,45,41,32,32,31,-1,-1
95348935_new_mexico_precincts_to_42_with_5000_sims.csv,46,39,36,16,-1,-1,-1
45252450_new_mexico_precincts_to_42_with_5000_sims.csv,49,40,36,33,-1,-1,-1
62064288_new_mexico_precincts_to_42_with_5000_sims.csv,68,40,36,-1,-1,-1,-1
48314857_new_mexico_precincts_to_42_with_5000_sims.csv,37,40,31,24,-1,-1,-1
85755381_new_mexico_precincts_to_42_with_5000_sims.csv,59,40,37,-1,-1,-1,-1
6329356_new_mexico_precincts_to_42_with_5000_sims.csv,58,39,35,30,-1,-1,-1
61695740_new_mexico_precincts_to_42_with_5000_sims.csv,47,40,39,36,-1,-1,-1
75087220_new_mexico_precincts_to_42_with_5000_sims.csv,42,40,36,26,-1,-1,-1
49714790_new_mexico_precincts_to_42_with_5000_sims.csv,43,40,34,33,27,-1,-1
88997281_new_mexico_precincts_to_42_with_5000_sims.csv,63,40,34,-1,-1,-1,-1
7489637_new_mexico_precincts_to_42_with_5000_sims.csv,25,40,35,26,-1,-1,-1
82163158_new_mexico_precincts_to_42_with_5000_sims.csv,29,40,36,24,14,-1,-1
99325436_new_mexico_precincts_to_42_with_5000_sims.csv,34,40,38,28,-1,-1,-1
2424510_new_mexico_precincts_to_42_with_5000_sims.csv,51,40,34,25,-1,-1,-1
12711738_new_mexico_precincts_to_42_with_5000_sims.csv,45,40,35,-1,-1,-1,-1
11333088_new_mexico_precincts_to_42_with_5000_sims.csv,44,40,25,-1,-1,-1,-1
31287316_new_mexico_precincts_to_42_with_5000_sims.csv,29,40,34,33,-1,-1,-1
57748536_new_mexico_precincts_to_42_with_5000_sims.csv,52,40,34,17,-1,-1,-1
61360233_new_mexico_precincts_to_42_with_5000_sims.csv,42,40,39,37,37,-1,-1
28592564_new_mexico_precincts_to_42_with_5000_sims.csv,43,40,35,33,11,-1,-1
35741578_new_mexico_precincts_to_42_with_5000_sims.csv,42,40,35,33,30,-1,-1
26857154_new_mexico_precincts_to_42_with_5000_sims.csv,34,40,34,-1,-1,-1,-1
67852304_new_mexico_precincts_to_42_with_5000_sims.csv,49,40,37,-1,-1,-1,-1
95588076_new_mexico_precincts_to_42_with_5000_sims.csv,25,39,37,36,36,24,-1
77398176_new_mexico_precincts_to_42_with_5000_sims.csv,58,40,29,21,-1,-1,-1
17288312_new_mexico_precincts_to_42_with_5000_sims.csv,41,39,37,-1,-1,-1,-1
29241767_new_mexico_precincts_to_42_with_5000_sims.csv,53,40,15,7,-1,-1,-1
4596912_new_mexico_precincts_to_42_with_5000_sims.csv,37,40,32,6,-1,-1,-1
10018796_new_mexico_precincts_to_42_with_5000_sims.csv,45,40,33,-1,-1,-1,-1
96800085_new_mexico_precincts_to_42_with_5000_sims.csv,61,39,35,-1,-1,-1,-1
69972994_new_mexico_precincts_to_42_with_5000_sims.csv,33,39,31,23,-1,-1,-1
58831604_new_mexico_precincts_to_42_with_5000_sims.csv,65,40,37,33,-1,-1,-1
40820865_new_mexico_precincts_to_42_with_5000_sims.csv,41,40,31,26,-1,-1,-1
77698112_new_mexico_precincts_to_42_with_5000_sims.csv,34,40,38,36,36,35,-1
24332055_new_mexico_precincts_to_42_with_5000_sims.csv,57,40,33,24,-1,-1,-1
87413196_new_mexico_precincts_to_42_with_5000_sims.csv,60,40,36,-1,-1,-1,-1
92662152_new_mexico_precincts_to_42_with_5000_sims.csv,45,40,34,-1,-1,-1,-1
61986832_new_mexico_precincts_to_42_with_5000_sims.csv,51,40,32,28,-1,-1,-1
87730664_new_mexico_precincts_to_42_with_5000_sims.csv,30,40,35,32,-1,-1,-1
36039950_new_mexico_precincts_to_42_with_5000_sims.csv,43,40,32,30,15,-1,-1
2333975_new_mexico_precincts_to_42_with_5000_sims.csv,48,40,35,-1,-1,-1,-1
49215680_new_mexico_precincts_to_42_with_5000_sims.csv,50,40,36,25,-1,-1,-1
43832462_new_mexico_precincts_to_42_with_5000_sims.csv,39,40,36,29,27,-1,-1
56783808_new_mexico_precincts_to_42_with_5000_sims.csv,55,40,32,-1,-1,-1,-1
57870090_new_mexico_precincts_to_42_with_5000_sims.csv,39,40,34,33,33,-1,-1
2837504_new_mexico_precincts_to_42_with_5000_sims.csv,60,40,26,-1,-1,-1,-1
18185424_new_mexico_precincts_to_42_with_5000_sims.csv,45,39,35,-1,-1,-1,-1
62998808_new_mexico_precincts_to_42_with_5000_sims.csv,50,39,36,16,-1,-1,-1
3339120_new_mexico_precincts_to_42_with_5000_sims.csv,56,39,35,33,-1,-1,-1
32392202_new_mexico_precincts_to_42_with_5000_sims.csv,54,39,35,-1,-1,-1,-1
93900592_new_mexico_precincts_to_42_with_5000_sims.csv,43,40,36,32,-1,-1,-1
92548467_new_mexico_precincts_to_42_with_5000_sims.csv,56,40,38,-1,-1,-1,-1
29311424_new_mexico_precincts_to_42_with_5000_sims.csv,39,40,37,36,29,-1,-1
90216549_new_mexico_precincts_to_42_with_5000_sims.csv,44,40,30,25,-1,-1,-1
73516206_new_mexico_precincts_to_42_with_5000_sims.csv,63,40,35,-1,-1,-1,-1
80687500_new_mexico_precincts_to_42_with_5000_sims.csv,36,40,30,-1,-1,-1,-1
48013725_new_mexico_precincts_to_42_with_5000_sims.csv,51,39,36,12,-1,-1,-1
57580544_new_mexico_precincts_to_42_with_5000_sims.csv,35,40,37,32,17,-1,-1
24333786_new_mexico_precincts_to_42_with_5000_sims.csv,46,40,30,-1,-1,-1,-1
25289880_new_mexico_precincts_to_42_with_5000_sims.csv,51,40,29,-1,-1,-1,-1
62616867_new_mexico_precincts_to_42_with_5000_sims.csv,54,39,36,32,-1,-1,-1
41961224_new_mexico_precincts_to_42_with_5000_sims.csv,36,39,34,33,27,-1,-1
95554726_new_mexico_precincts_to_42_with_5000_sims.csv,53,40,36,23,-1,-1,-1
98293064_new_mexico_precincts_to_42_with_5000_sims.csv,58,40,38,-1,-1,-1,-1
21711780_new_mexico_precincts_to_42_with_5000_sims.csv,53,40,29,22,-1,-1,-1
12279657_new_mexico_precincts_to_42_with_5000_sims.csv,45,40,37,37,-1,-1,-1
69446870_new_mexico_precincts_to_42_with_5000_sims.csv,45,40,32,-1,-1,-1,-1
45908692_new_mexico_precincts_to_42_with_5000_sims.csv,51,40,27,19,-1,-1,-1
21387140_new_mexico_precincts_to_42_with_5000_sims.csv,27,40,29,-1,-1,-1,-1
21768449_new_mexico_precincts_to_42_with_5000_sims.csv,56,39,36,-1,-1,-1,-1
60315800_new_mexico_precincts_to_42_with_5000_sims.csv,54,40,32,-1,-1,-1,-1
2947104_new_mexico_precincts_to_42_with_5000_sims.csv,46,40,35,34,-1,-1,-1
30924500_new_mexico_precincts_to_42_with_5000_sims.csv,33,39,36,30,-1,-1,-1
9581897_new_mexico_precincts_to_42_with_5000_sims.csv,53,40,35,-1,-1,-1,-1
43700700_new_mexico_precincts_to_42_with_5000_sims.csv,49,40,37,29,-1,-1,-1
65470336_new_mexico_precincts_to_42_with_5000_sims.csv,48,40,35,9,-1,-1,-1
98656125_new_mexico_precincts_to_42_with_5000_sims.csv,60,40,35,-1,-1,-1,-1
90385020_new_mexico_precincts_to_42_with_5000_sims.csv,35,40,36,35,28,-1,-1
48019104_new_mexico_precincts_to_42_with_5000_sims.csv,42,40,32,22,-1,-1,-1
13281884_new_mexico_precincts_to_42_with_5000_sims.csv,46,40,38,20,8,-1,-1
58183219_new_mexico_precincts_to_42_with_5000_sims.csv,35,40,37,26,-1,-1,-1
14395966_new_mexico_precincts_to_42_with_5000_sims.csv,42,40,36,25,-1,-1,-1
19260045_new_mexico_precincts_to_42_with_5000_sims.csv,41,40,35,34,32,-1,-1
97815176_new_mexico_precincts_to_42_with_5000_sims.csv,56,40,29,25,-1,-1,-1
11216450_new_mexico_precincts_to_42_with_5000_sims.csv,39,39,35,31,31,30,-1
50741936_new_mexico_precincts_to_42_with_5000_sims.csv,38,40,38,20,15,-1,-1
15793013_new_mexico_precincts_to_42_with_5000_sims.csv,42,40,36,-1,-1,-1,-1
47809168_new_mexico_precincts_to_42_with_5000_sims.csv,50,40,36,35,-1,-1,-1
13189473_new_mexico_precincts_to_42_with_5000_sims.csv,52,40,34,19,-1,-1,-1
7976839_new_mexico_precincts_to_42_with_5000_sims.csv,33,40,34,30,-1,-1,-1
25287204_new_mexico_precincts_to_42_with_5000_sims.csv,33,39,32,29,-1,-1,-1
30047910_new_mexico_precincts_to_42_with_5000_sims.csv,34,40,27,18,-1,-1,-1
99208920_new_mexico_precincts_to_42_with_5000_sims.csv,40,40,36,30,30,-1,-1
76469600_new_mexico_precincts_to_42_with_5000_sims.csv,45,40,37,35,-1,-1,-1
1398122_new_mexico_precincts_to_42_with_5000_sims.csv,44,40,37,36,18,-1,-1
32272740_new_mexico_precincts_to_42_with_5000_sims.csv,44,40,36,34,30,-1,-1
81803610_new_mexico_precincts_to_42_with_5000_sims.csv,31,40,35,30,-1,-1,-1
49212719_new_mexico_precincts_to_42_with_5000_sims.csv,64,40,36,-1,-1,-1,-1
20081600_new_mexico_precincts_to_42_with_5000_sims.csv,33,39,34,-1,-1,-1,-1
33830306_new_mexico_precincts_to_42_with_5000_sims.csv,29,39,37,36,28,27,-1
7146960_new_mexico_precincts_to_42_with_5000_sims.csv,51,40,35,34,-1,-1,-1
13767265_new_mexico_precincts_to_42_with_5000_sims.csv,58,39,36,34,31,-1,-1
81130608_new_mexico_precincts_to_42_with_5000_sims.csv,51,40,35,-1,-1,-1,-1
75452504_new_mexico_precincts_to_42_with_5000_sims.csv,40,40,39,36,-1,-1,-1
66594640_new_mexico_precincts_to_42_with_5000_sims.csv,49,40,35,25,-1,-1,-1
80111289_new_mexico_precincts_to_42_with_5000_sims.csv,45,39,34,-1,-1,-1,-1
94420569_new_mexico_precincts_to_42_with_5000_sims.csv,32,39,34,22,-1,-1,-1
56510144_new_mexico_precincts_to_42_with_5000_sims.csv,58,39,37,37,-1,-1,-1
62833320_new_mexico_precincts_to_42_with_5000_sims.csv,48,40,28,-1,-1,-1,-1
11495400_new_mexico_precincts_to_42_with_5000_sims.csv,39,40,34,32,-1,-1,-1
19726884_new_mexico_precincts_to_42_with_5000_sims.csv,35,39,35,26,10,-1,-1
73395562_new_mexico_precincts_to_42_with_5000_sims.csv,52,40,35,8,-1,-1,-1
31710210_new_mexico_precincts_to_42_with_5000_sims.csv,57,40,32,-1,-1,-1,-1
47297250_new_mexico_precincts_to_42_with_5000_sims.csv,35,40,35,34,22,-1,-1
91444308_new_mexico_precincts_to_42_with_5000_sims.csv,36,39,35,11,-1,-1,-1
94604095_new_mexico_precincts_to_42_with_5000_sims.csv,33,40,35,-1,-1,-1,-1
32704828_new_mexico_precincts_to_42_with_5000_sims.csv,53,39,32,-1,-1,-1,-1
90339232_new_mexico_precincts_to_42_with_5000_sims.csv,17,39,33,20,17,16,-1
31096182_new_mexico_precincts_to_42_with_5000_sims.csv,68,40,37,-1,-1,-1,-1
50679688_new_mexico_precincts_to_42_with_5000_sims.csv,38,40,32,26,25,-1,-1
21640484_new_mexico_precincts_to_42_with_5000_sims.csv,20,40,38,36,34,-1,-1
20407127_new_mexico_precincts_to_42_with_5000_sims.csv,35,40,38,-1,-1,-1,-1
23931430_new_mexico_precincts_to_42_with_5000_sims.csv,24,40,29,27,23,-1,-1
59792076_new_mexico_precincts_to_42_with_5000_sims.csv,52,40,37,32,-1,-1,-1
95806701_new_mexico_precincts_to_42_with_5000_sims.csv,50,40,37,36,34,-1,-1
36597376_new_mexico_precincts_to_42_with_5000_sims.csv,38,39,36,27,18,-1,-1
26605784_new_mexico_precincts_to_42_with_5000_sims.csv,57,40,32,27,-1,-1,-1
9737956_new_mexico_precincts_to_42_with_5000_sims.csv,36,40,35,31,29,-1,-1
88232885_new_mexico_precincts_to_42_with_5000_sims.csv,63,40,36,-1,-1,-1,-1
58161704_new_mexico_precincts_to_42_with_5000_sims.csv,55,40,37,-1,-1,-1,-1
74847448_new_mexico_precincts_to_42_with_5000_sims.csv,45,39,37,-1,-1,-1,-1
10041200_new_mexico_precincts_to_42_with_5000_sims.csv,44,40,33,-1,-1,-1,-1
6425725_new_mexico_precincts_to_42_with_5000_sims.csv,53,40,30,22,-1,-1,-1
90588742_new_mexico_precincts_to_42_with_5000_sims.csv,51,39,34,-1,-1,-1,-1
74448018_new_mexico_precincts_to_42_with_5000_sims.csv,53,40,33,29,28,-1,-1
5628920_new_mexico_precincts_to_42_with_5000_sims.csv,46,40,37,28,-1,-1,-1
41718072_new_mexico_precincts_to_42_with_5000_sims.csv,56,40,35,-1,-1,-1,-1
86983220_new_mexico_precincts_to_42_with_5000_sims.csv,20,39,37,36,34,32,-1
23029625_new_mexico_precincts_to_42_with_5000_sims.csv,35,40,37,25,-1,-1,-1
10043670_new_mexico_precincts_to_42_with_5000_sims.csv,27,40,39,37,26,15,-1
66948808_new_mexico_precincts_to_42_with_5000_sims.csv,49,40,32,20,-1,-1,-1
71636682_new_mexico_precincts_to_42_with_5000_sims.csv,60,40,35,21,-1,-1,-1
2233360_new_mexico_precincts_to_42_with_5000_sims.csv,48,39,25,-1,-1,-1,-1
79831000_new_mexico_precincts_to_42_with_5000_sims.csv,43,39,36,32,11,-1,-1
7170198_new_mexico_precincts_to_42_with_5000_sims.csv,48,40,37,21,-1,-1,-1
13377461_new_mexico_precincts_to_42_with_5000_sims.csv,49,39,36,-1,-1,-1,-1
58443525_new_mexico_precincts_to_42_with_5000_sims.csv,39,40,37,31,-1,-1,-1
88759124_new_mexico_precincts_to_42_with_5000_sims.csv,59,40,32,-1,-1,-1,-1
5665816_new_mexico_precincts_to_42_with_5000_sims.csv,48,40,35,-1,-1,-1,-1
79196836_new_mexico_precincts_to_42_with_5000_sims.csv,47,40,37,18,-1,-1,-1
99232680_new_mexico_precincts_to_42_with_5000_sims.csv,56,40,34,-1,-1,-1,-1
8971509_new_mexico_precincts_to_42_with_5000_sims.csv,48,39,34,-1,-1,-1,-1
12610695_new_mexico_precincts_to_42_with_5000_sims.csv,41,40,36,20,18,-1,-1
11644100_new_mexico_precincts_to_42_with_5000_sims.csv,47,39,32,-1,-1,-1,-1
63476054_new_mexico_precincts_to_42_with_5000_sims.csv,55,40,19,-1,-1,-1,-1
27262816_new_mexico_precincts_to_42_with_5000_sims.csv,33,40,38,24,-1,-1,-1
95558890_new_mexico_precincts_to_42_with_5000_sims.csv,32,39,37,34,12,-1,-1
50396932_new_mexico_precincts_to_42_with_5000_sims.csv,54,40,35,-1,-1,-1,-1
29474377_new_mexico_precincts_to_42_with_5000_sims.csv,50,40,28,22,-1,-1,-1
21851454_new_mexico_precincts_to_42_with_5000_sims.csv,40,40,35,-1,-1,-1,-1
40995609_new_mexico_precincts_to_42_with_5000_sims.csv,37,39,37,35,20,-1,-1
11558386_new_mexico_precincts_to_42_with_5000_sims.csv,40,40,29,18,-1,-1,-1
48053763_new_mexico_precincts_to_42_with_5000_sims.csv,52,39,37,32,-1,-1,-1
18157_new_mexico_precincts_to_42_with_5000_sims.csv,47,40,34,-1,-1,-1,-1
50891426_new_mexico_precincts_to_42_with_5000_sims.csv,24,40,34,30,29,-1,-1
10537743_new_mexico_precincts_to_42_with_5000_sims.csv,12,40,36,35,22,-1,-1
13169088_new_mexico_precincts_to_42_with_5000_sims.csv,33,40,36,35,23,-1,-1
9503000_new_mexico_precincts_to_42_with_5000_sims.csv,29,40,33,27,25,-1,-1
44565429_new_mexico_precincts_to_42_with_5000_sims.csv,39,40,31,23,16,-1,-1
29296724_new_mexico_precincts_to_42_with_5000_sims.csv,47,40,36,29,-1,-1,-1
94174938_new_mexico_precincts_to_42_with_5000_sims.csv,40,40,33,-1,-1,-1,-1
19174940_new_mexico_precincts_to_42_with_5000_sims.csv,32,40,36,33,30,-1,-1
58346572_new_mexico_precincts_to_42_with_5000_sims.csv,45,39,29,-1,-1,-1,-1
6069754_new_mexico_precincts_to_42_with_5000_sims.csv,45,40,38,37,32,-1,-1
61756612_new_mexico_precincts_to_42_with_5000_sims.csv,57,39,34,21,-1,-1,-1
76045200_new_mexico_precincts_to_42_with_5000_sims.csv,47,40,35,-1,-1,-1,-1
73434456_new_mexico_precincts_to_42_with_5000_sims.csv,55,39,35,-1,-1,-1,-1
62745355_new_mexico_precincts_to_42_with_5000_sims.csv,38,40,33,30,-1,-1,-1
14443388_new_mexico_precincts_to_42_with_5000_sims.csv,35,40,34,33,32,-1,-1
79020351_new_mexico_precincts_to_42_with_5000_sims.csv,20,40,32,30,29,29,-1
28231669_new_mexico_precincts_to_42_with_5000_sims.csv,52,40,34,-1,-1,-1,-1
24200960_new_mexico_precincts_to_42_with_5000_sims.csv,48,40,32,-1,-1,-1,-1
45263241_new_mexico_precincts_to_42_with_5000_sims.csv,57,40,34,-1,-1,-1,-1
89873492_new_mexico_precincts_to_42_with_5000_sims.csv,49,40,35,-1,-1,-1,-1
603988_new_mexico_precincts_to_42_with_5000_sims.csv,48,40,35,35,-1,-1,-1
3973547_new_mexico_precincts_to_42_with_5000_sims.csv,30,39,31,30,26,-1,-1
32652165_new_mexico_precincts_to_42_with_5000_sims.csv,50,40,36,34,29,-1,-1
26599886_new_mexico_precincts_to_42_with_5000_sims.csv,12,40,35,31,22,18,-1
69867900_new_mexico_precincts_to_42_with_5000_sims.csv,47,39,34,32,-1,-1,-1
42028040_new_mexico_precincts_to_42_with_5000_sims.csv,34,40,32,23,-1,-1,-1
11197922_new_mexico_precincts_to_42_with_5000_sims.csv,31,40,35,34,32,-1,-1
84466130_new_mexico_precincts_to_42_with_5000_sims.csv,51,39,32,-1,-1,-1,-1
13100388_new_mexico_precincts_to_42_with_5000_sims.csv,62,40,30,23,-1,-1,-1
39867560_new_mexico_precincts_to_42_with_5000_sims.csv,30,40,30,28,-1,-1,-1
65994194_new_mexico_precincts_to_42_with_5000_sims.csv,21,40,32,28,25,25,-1
71029129_new_mexico_precincts_to_42_with_5000_sims.csv,34,40,30,28,28,20,-1
28698075_new_mexico_precincts_to_42_with_5000_sims.csv,43,40,35,33,33,-1,-1
25733518_new_mexico_precincts_to_42_with_5000_sims.csv,26,40,36,35,34,30,-1
91850992_new_mexico_precincts_to_42_with_5000_sims.csv,48,40,37,-1,-1,-1,-1
45569775_new_mexico_precincts_to_42_with_5000_sims.csv,48,40,36,34,32,-1,-1
46544516_new_mexico_precincts_to_42_with_5000_sims.csv,43,40,38,13,-1,-1,-1
69187508_new_mexico_precincts_to_42_with_5000_sims.csv,37,39,36,35,29,-1,-1
96096804_new_mexico_precincts_to_42_with_5000_sims.csv,32,39,34,26,21,21,-1
9116471_new_mexico_precincts_to_42_with_5000_sims.csv,33,40,27,20,-1,-1,-1
7610072_new_mexico_precincts_to_42_with_5000_sims.csv,36,39,34,31,-1,-1,-1
51473018_new_mexico_precincts_to_42_with_5000_sims.csv,39,39,35,26,-1,-1,-1
33469800_new_mexico_precincts_to_42_with_5000_sims.csv,50,40,32,-1,-1,-1,-1
86757576_new_mexico_precincts_to_42_with_5000_sims.csv,38,40,36,29,-1,-1,-1
59688452_new_mexico_precincts_to_42_with_5000_sims.csv,44,39,37,35,-1,-1,-1
26000675_new_mexico_precincts_to_42_with_5000_sims.csv,46,40,36,36,-1,-1,-1
9043348_new_mexico_precincts_to_42_with_5000_sims.csv,34,40,32,29,-1,-1,-1
77728444_new_mexico_precincts_to_42_with_5000_sims.csv,50,40,32,21,-1,-1,-1
41487708_new_mexico_precincts_to_42_with_5000_sims.csv,58,39,34,18,-1,-1,-1
92562032_new_mexico_precincts_to_42_with_5000_sims.csv,52,40,35,-1,-1,-1,-1
70957824_new_mexico_precincts_to_42_with_5000_sims.csv,36,40,36,32,-1,-1,-1
53881732_new_mexico_precincts_to_42_with_5000_sims.csv,56,39,33,32,-1,-1,-1
68628528_new_mexico_precincts_to_42_with_5000_sims.csv,48,40,33,31,28,-1,-1
24732124_new_mexico_precincts_to_42_with_5000_sims.csv,46,39,33,18,8,-1,-1
62898784_new_mexico_precincts_to_42_with_5000_sims.csv,49,39,25,-1,-1,-1,-1
22902815_new_mexico_precincts_to_42_with_5000_sims.csv,38,40,34,20,9,-1,-1
84928455_new_mexico_precincts_to_42_with_5000_sims.csv,54,40,34,-1,-1,-1,-1
54425298_new_mexico_precincts_to_42_with_5000_sims.csv,42,39,20,-1,-1,-1,-1
95309417_new_mexico_precincts_to_42_with_5000_sims.csv,46,40,36,28,-1,-1,-1
83947184_new_mexico_precincts_to_42_with_5000_sims.csv,42,40,32,-1,-1,-1,-1
23968672_new_mexico_precincts_to_42_with_5000_sims.csv,41,40,32,-1,-1,-1,-1
51367335_new_mexico_precincts_to_42_with_5000_sims.csv,32,39,28,25,22,22,-1
10439542_new_mexico_precincts_to_42_with_5000_sims.csv,40,39,29,25,-1,-1,-1
29127902_new_mexico_precincts_to_42_with_5000_sims.csv,43,40,36,-1,-1,-1,-1
24626930_new_mexico_precincts_to_42_with_5000_sims.csv,44,40,27,-1,-1,-1,-1
41607893_new_mexico_precincts_to_42_with_5000_sims.csv,39,40,37,26,23,-1,-1
15873792_new_mexico_precincts_to_42_with_5000_sims.csv,47,40,38,34,-1,-1,-1
22199704_new_mexico_precincts_to_42_with_5000_sims.csv,49,40,36,35,6,-1,-1
81998896_new_mexico_precincts_to_42_with_5000_sims.csv,54,40,37,-1,-1,-1,-1
12306637_new_mexico_precincts_to_42_with_5000_sims.csv,50,40,37,36,35,-1,-1
65202084_new_mexico_precincts_to_42_with_5000_sims.csv,38,40,36,25,-1,-1,-1
46439325_new_mexico_precincts_to_42_with_5000_sims.csv,45,40,37,18,-1,-1,-1
2337218_new_mexico_precincts_to_42_with_5000_sims.csv,43,40,35,24,-1,-1,-1
27193725_new_mexico_precincts_to_42_with_5000_sims.csv,48,39,35,33,32,-1,-1
79813652_new_mexico_precincts_to_42_with_5000_sims.csv,36,39,36,36,32,-1,-1
51422020_new_mexico_precincts_to_42_with_5000_sims.csv,55,39,36,-1,-1,-1,-1
41795200_new_mexico_precincts_to_42_with_5000_sims.csv,50,40,31,30,-1,-1,-1
20572161_new_mexico_precincts_to_42_with_5000_sims.csv,41,40,33,-1,-1,-1,-1
20352993_new_mexico_precincts_to_42_with_5000_sims.csv,33,40,32,26,-1,-1,-1
45386105_new_mexico_precincts_to_42_with_5000_sims.csv,46,40,38,38,27,-1,-1
96421960_new_mexico_precincts_to_42_with_5000_sims.csv,32,40,34,31,28,27,-1
16928554_new_mexico_precincts_to_42_with_5000_sims.csv,35,40,31,12,-1,-1,-1
7406314_new_mexico_precincts_to_42_with_5000_sims.csv,39,39,33,27,-1,-1,-1
86964953_new_mexico_precincts_to_42_with_5000_sims.csv,57,40,36,35,-1,-1,-1
80280791_new_mexico_precincts_to_42_with_5000_sims.csv,46,40,34,32,-1,-1,-1
38204264_new_mexico_precincts_to_42_with_5000_sims.csv,31,39,32,-1,-1,-1,-1
76802466_new_mexico_precincts_to_42_with_5000_sims.csv,50,40,35,34,-1,-1,-1
59441250_new_mexico_precincts_to_42_with_5000_sims.csv,31,40,37,33,-1,-1,-1
82632751_new_mexico_precincts_to_42_with_5000_sims.csv,39,40,38,16,-1,-1,-1
19127920_new_mexico_precincts_to_42_with_5000_sims.csv,44,39,33,18,-1,-1,-1
54035632_new_mexico_precincts_to_42_with_5000_sims.csv,58,40,29,-1,-1,-1,-1
64234952_new_mexico_precincts_to_42_with_5000_sims.csv,70,40,31,-1,-1,-1,-1
8446200_new_mexico_precincts_to_42_with_5000_sims.csv,50,40,32,-1,-1,-1,-1
16012592_new_mexico_precincts_to_42_with_5000_sims.csv,24,40,33,32,31,-1,-1
2278154_new_mexico_precincts_to_42_with_5000_sims.csv,40,39,37,36,30,-1,-1
15589634_new_mexico_precincts_to_42_with_5000_sims.csv,30,39,37,35,-1,-1,-1
93099796_new_mexico_precincts_to_42_with_5000_sims.csv,52,40,36,34,-1,-1,-1
50181009_new_mexico_precincts_to_42_with_5000_sims.csv,60,40,34,-1,-1,-1,-1
42777335_new_mexico_precincts_to_42_with_5000_sims.csv,52,40,37,29,-1,-1,-1
85447581_new_mexico_precincts_to_42_with_5000_sims.csv,48,40,29,-1,-1,-1,-1
59222950_new_mexico_precincts_to_42_with_5000_sims.csv,44,40,35,23,-1,-1,-1
83015557_new_mexico_precincts_to_42_with_5000_sims.csv,53,40,33,-1,-1,-1,-1
65286360_new_mexico_precincts_to_42_with_5000_sims.csv,45,40,33,25,-1,-1,-1
17143296_new_mexico_precincts_to_42_with_5000_sims.csv,57,40,35,-1,-1,-1,-1
86617833_new_mexico_precincts_to_42_with_5000_sims.csv,60,40,35,-1,-1,-1,-1
65372566_new_mexico_precincts_to_42_with_5000_sims.csv,22,40,29,27,26,26,-1
59849224_new_mexico_precincts_to_42_with_5000_sims.csv,42,40,35,28,22,-1,-1
63720336_new_mexico_precincts_to_42_with_5000_sims.csv,42,40,36,18,-1,-1,-1
2096270_new_mexico_precincts_to_42_with_5000_sims.csv,43,40,33,29,-1,-1,-1
28893063_new_mexico_precincts_to_42_with_5000_sims.csv,40,40,35,32,30,-1,-1
66211700_new_mexico_precincts_to_42_with_5000_sims.csv,44,40,36,35,35,-1,-1
12766048_new_mexico_precincts_to_42_with_5000_sims.csv,45,40,33,-1,-1,-1,-1
40786515_new_mexico_precincts_to_42_with_5000_sims.csv,42,40,36,35,-1,-1,-1
66450744_new_mexico_precincts_to_42_with_5000_sims.csv,43,40,34,25,-1,-1,-1
5553430_new_mexico_precincts_to_42_with_5000_sims.csv,52,40,33,21,-1,-1,-1
10924038_new_mexico_precincts_to_42_with_5000_sims.csv,45,40,37,31,-1,-1,-1
2816736_new_mexico_precincts_to_42_with_5000_sims.csv,39,40,34,-1,-1,-1,-1
3655780_new_mexico_precincts_to_42_with_5000_sims.csv,44,40,38,37,12,-1,-1
45497088_new_mexico_precincts_to_42_with_5000_sims.csv,51,39,34,33,33,-1,-1
2501735_new_mexico_precincts_to_42_with_5000_sims.csv,46,40,39,-1,-1,-1,-1
19215240_new_mexico_precincts_to_42_with_5000_sims.csv,32,40,31,29,21,-1,-1
96489751_new_mexico_precincts_to_42_with_5000_sims.csv,49,40,36,33,-1,-1,-1
40890220_new_mexico_precincts_to_42_with_5000_sims.csv,66,40,35,-1,-1,-1,-1
81623710_new_mexico_precincts_to_42_with_5000_sims.csv,57,40,31,-1,-1,-1,-1
18920695_new_mexico_precincts_to_42_with_5000_sims.csv,54,40,33,-1,-1,-1,-1
42317842_new_mexico_precincts_to_42_with_5000_sims.csv,45,40,36,35,31,31,-1
14589641_new_mexico_precincts_to_42_with_5000_sims.csv,30,40,38,37,22,-1,-1
43172236_new_mexico_precincts_to_42_with_5000_sims.csv,46,40,37,37,-1,-1,-1
87126710_new_mexico_precincts_to_42_with_5000_sims.csv,57,40,37,35,-1,-1,-1
94571090_new_mexico_precincts_to_42_with_5000_sims.csv,43,40,34,20,-1,-1,-1
28895088_new_mexico_precincts_to_42_with_5000_sims.csv,37,40,37,31,28,-1,-1
94365564_new_mexico_precincts_to_42_with_5000_sims.csv,44,39,36,24,-1,-1,-1
658160_new_mexico_precincts_to_42_with_5000_sims.csv,43,40,37,35,-1,-1,-1
32565729_new_mexico_precincts_to_42_with_5000_sims.csv,41,40,36,35,-1,-1,-1
41129736_new_mexico_precincts_to_42_with_5000_sims.csv,51,39,36,33,-1,-1,-1
10967487_new_mexico_precincts_to_42_with_5000_sims.csv,35,40,36,34,31,-1,-1
57270731_new_mexico_precincts_to_42_with_5000_sims.csv,61,40,34,-1,-1,-1,-1
86941889_new_mexico_precincts_to_42_with_5000_sims.csv,42,40,35,33,32,26,-1
1074875_new_mexico_precincts_to_42_with_5000_sims.csv,29,40,36,21,-1,-1,-1
47392784_new_mexico_precincts_to_42_with_5000_sims.csv,44,40,31,-1,-1,-1,-1
5850425_new_mexico_precincts_to_42_with_5000_sims.csv,50,39,33,23,-1,-1,-1
77721598_new_mexico_precincts_to_42_with_5000_sims.csv,61,40,30,-1,-1,-1,-1
85945725_new_mexico_precincts_to_42_with_5000_sims.csv,44,40,36,11,-1,-1,-1
97033856_new_mexico_precincts_to_42_with_5000_sims.csv,30,40,38,36,33,-1,-1
16615592_new_mexico_precincts_to_42_with_5000_sims.csv,16,40,35,19,18,-1,-1
23893114_new_mexico_precincts_to_42_with_5000_sims.csv,58,40,28,-1,-1,-1,-1
79263484_new_mexico_precincts_to_42_with_5000_sims.csv,55,40,34,32,-1,-1,-1
7019918_new_mexico_precincts_to_42_with_5000_sims.csv,51,40,37,-1,-1,-1,-1
36969792_new_mexico_precincts_to_42_with_5000_sims.csv,45,40,37,12,-1,-1,-1
2233154_new_mexico_precincts_to_42_with_5000_sims.csv,30,39,36,35,34,33,-1
45754588_new_mexico_precincts_to_42_with_5000_sims.csv,24,40,33,14,13,-1,-1
74694782_new_mexico_precincts_to_42_with_5000_sims.csv,54,40,36,35,-1,-1,-1
45002936_new_mexico_precincts_to_42_with_5000_sims.csv,35,40,36,32,-1,-1,-1
76753063_new_mexico_precincts_to_42_with_5000_sims.csv,43,40,38,36,34,17,-1
16955019_new_mexico_precincts_to_42_with_5000_sims.csv,39,40,35,31,-1,-1,-1
33461260_new_mexico_precincts_to_42_with_5000_sims.csv,33,40,36,-1,-1,-1,-1
2689456_new_mexico_precincts_to_42_with_5000_sims.csv,42,40,34,8,-1,-1,-1
1366312_new_mexico_precincts_to_42_with_5000_sims.csv,46,40,35,16,-1,-1,-1
16426800_new_mexico_precincts_to_42_with_5000_sims.csv,43,40,35,33,32,-1,-1
57449446_new_mexico_precincts_to_42_with_5000_sims.csv,44,40,37,-1,-1,-1,-1
11378352_new_mexico_precincts_to_42_with_5000_sims.csv,68,40,24,-1,-1,-1,-1
78295295_new_mexico_precincts_to_42_with_5000_sims.csv,28,40,30,28,28,-1,-1
66176570_new_mexico_precincts_to_42_with_5000_sims.csv,37,40,32,30,-1,-1,-1
47016416_new_mexico_precincts_to_42_with_5000_sims.csv,44,40,38,37,31,-1,-1
91131103_new_mexico_precincts_to_42_with_5000_sims.csv,45,40,31,27,-1,-1,-1
24026730_new_mexico_precincts_to_42_with_5000_sims.csv,30,40,36,34,29,26,-1
86481064_new_mexico_precincts_to_42_with_5000_sims.csv,37,39,36,33,10,-1,-1
86921025_new_mexico_precincts_to_42_with_5000_sims.csv,37,40,29,14,-1,-1,-1
34693502_new_mexico_precincts_to_42_with_5000_sims.csv,43,40,35,29,-1,-1,-1
61319172_new_mexico_precincts_to_42_with_5000_sims.csv,41,40,31,27,-1,-1,-1
3810134_new_mexico_precincts_to_42_with_5000_sims.csv,46,39,33,-1,-1,-1,-1
32491504_new_mexico_precincts_to_42_with_5000_sims.csv,46,40,35,20,-1,-1,-1
6500520_new_mexico_precincts_to_42_with_5000_sims.csv,41,40,34,29,-1,-1,-1
32280992_new_mexico_precincts_to_42_with_5000_sims.csv,34,40,33,29,27,-1,-1
43818680_new_mexico_precincts_to_42_with_5000_sims.csv,43,40,27,-1,-1,-1,-1
72144677_new_mexico_precincts_to_42_with_5000_sims.csv,48,40,36,21,-1,-1,-1
17893620_new_mexico_precincts_to_42_with_5000_sims.csv,34,40,38,37,-1,-1,-1
98872316_new_mexico_precincts_to_42_with_5000_sims.csv,44,40,36,-1,-1,-1,-1
33931412_new_mexico_precincts_to_42_with_5000_sims.csv,41,40,37,28,-1,-1,-1
21992750_new_mexico_precincts_to_42_with_5000_sims.csv,45,40,35,10,-1,-1,-1
19208095_new_mexico_precincts_to_42_with_5000_sims.csv,50,40,27,-1,-1,-1,-1
4234740_new_mexico_precincts_to_42_with_5000_sims.csv,49,40,30,-1,-1,-1,-1
3012175_new_mexico_precincts_to_42_with_5000_sims.csv,66,40,37,33,-1,-1,-1
31538980_new_mexico_precincts_to_42_with_5000_sims.csv,43,40,38,-1,-1,-1,-1
77430932_new_mexico_precincts_to_42_with_5000_sims.csv,50,39,34,31,30,-1,-1
10325070_new_mexico_precincts_to_42_with_5000_sims.csv,52,39,34,30,-1,-1,-1
30482608_new_mexico_precincts_to_42_with_5000_sims.csv,50,40,39,12,-1,-1,-1
10045032_new_mexico_precincts_to_42_with_5000_sims.csv,56,39,30,23,-1,-1,-1
18601904_new_mexico_precincts_to_42_with_5000_sims.csv,51,40,35,34,-1,-1,-1
16030300_new_mexico_precincts_to_42_with_5000_sims.csv,49,40,36,32,-1,-1,-1
10162032_new_mexico_precincts_to_42_with_5000_sims.csv,49,40,36,35,-1,-1,-1
97864856_new_mexico_precincts_to_42_with_5000_sims.csv,43,40,37,36,17,-1,-1
99340656_new_mexico_precincts_to_42_with_5000_sims.csv,37,39,37,35,34,31,-1
42483375_new_mexico_precincts_to_42_with_5000_sims.csv,53,40,37,-1,-1,-1,-1
43504262_new_mexico_precincts_to_42_with_5000_sims.csv,32,39,35,23,-1,-1,-1
10209624_new_mexico_precincts_to_42_with_5000_sims.csv,40,39,35,34,33,-1,-1
10298744_new_mexico_precincts_to_42_with_5000_sims.csv,40,40,27,-1,-1,-1,-1
4969340_new_mexico_precincts_to_42_with_5000_sims.csv,40,40,38,37,-1,-1,-1
21814250_new_mexico_precincts_to_42_with_5000_sims.csv,34,40,37,35,-1,-1,-1
13167855_new_mexico_precincts_to_42_with_5000_sims.csv,44,40,36,29,-1,-1,-1
12263760_new_mexico_precincts_to_42_with_5000_sims.csv,41,40,31,18,-1,-1,-1
26661253_new_mexico_precincts_to_42_with_5000_sims.csv,41,40,32,22,-1,-1,-1
12894497_new_mexico_precincts_to_42_with_5000_sims.csv,37,40,34,-1,-1,-1,-1
84325756_new_mexico_precincts_to_42_with_5000_sims.csv,32,39,37,30,-1,-1,-1
90525527_new_mexico_precincts_to_42_with_5000_sims.csv,56,40,27,-1,-1,-1,-1
91618660_new_mexico_precincts_to_42_with_5000_sims.csv,30,39,34,24,21,-1,-1
34232554_new_mexico_precincts_to_42_with_5000_sims.csv,61,40,34,-1,-1,-1,-1
89044580_new_mexico_precincts_to_42_with_5000_sims.csv,40,40,38,23,-1,-1,-1
8786432_new_mexico_precincts_to_42_with_5000_sims.csv,45,40,37,30,-1,-1,-1
48121696_new_mexico_precincts_to_42_with_5000_sims.csv,44,40,32,-1,-1,-1,-1
67501052_new_mexico_precincts_to_42_with_5000_sims.csv,25,40,32,30,-1,-1,-1
20262598_new_mexico_precincts_to_42_with_5000_sims.csv,56,39,36,-1,-1,-1,-1
42102432_new_mexico_precincts_to_42_with_5000_sims.csv,68,40,32,-1,-1,-1,-1
33060217_new_mexico_precincts_to_42_with_5000_sims.csv,42,40,33,25,17,-1,-1
40594167_new_mexico_precincts_to_42_with_5000_sims.csv,36,40,37,36,34,-1,-1
60306000_new_mexico_precincts_to_42_with_5000_sims.csv,34,40,22,-1,-1,-1,-1
13330775_new_mexico_precincts_to_42_with_5000_sims.csv,48,40,36,30,-1,-1,-1
83717490_new_mexico_precincts_to_42_with_5000_sims.csv,51,40,28,-1,-1,-1,-1
20823053_new_mexico_precincts_to_42_with_5000_sims.csv,42,40,36,21,18,-1,-1
67051440_new_mexico_precincts_to_42_with_5000_sims.csv,42,39,36,33,-1,-1,-1
37190528_new_mexico_precincts_to_42_with_5000_sims.csv,50,40,33,-1,-1,-1,-1
7707441_new_mexico_precincts_to_42_with_5000_sims.csv,48,39,37,-1,-1,-1,-1
15030188_new_mexico_precincts_to_42_with_5000_sims.csv,30,39,33,22,7,-1,-1
23390172_new_mexico_precincts_to_42_with_5000_sims.csv,26,40,39,35,-1,-1,-1
34567125_new_mexico_precincts_to_42_with_5000_sims.csv,46,40,33,-1,-1,-1,-1
47734604_new_mexico_precincts_to_42_with_5000_sims.csv,59,40,37,-1,-1,-1,-1
22244648_new_mexico_precincts_to_42_with_5000_sims.csv,47,40,37,27,-1,-1,-1
15312975_new_mexico_precincts_to_42_with_5000_sims.csv,39,40,36,35,-1,-1,-1
21479418_new_mexico_precincts_to_42_with_5000_sims.csv,34,40,35,30,16,-1,-1
44451538_new_mexico_precincts_to_42_with_5000_sims.csv,47,40,36,25,-1,-1,-1
84866952_new_mexico_precincts_to_42_with_5000_sims.csv,28,40,24,19,18,-1,-1
42495232_new_mexico_precincts_to_42_with_5000_sims.csv,52,40,33,-1,-1,-1,-1
93621602_new_mexico_precincts_to_42_with_5000_sims.csv,50,40,35,33,-1,-1,-1
98172618_new_mexico_precincts_to_42_with_5000_sims.csv,43,40,37,36,-1,-1,-1
8919170_new_mexico_precincts_to_42_with_5000_sims.csv,60,40,32,-1,-1,-1,-1
897874_new_mexico_precincts_to_42_with_5000_sims.csv,35,40,37,16,-1,-1,-1
85384152_new_mexico_precincts_to_42_with_5000_sims.csv,37,40,38,31,-1,-1,-1
78600092_new_mexico_precincts_to_42_with_5000_sims.csv,50,40,35,27,24,-1,-1
48508736_new_mexico_precincts_to_42_with_5000_sims.csv,49,40,34,32,-1,-1,-1
34118415_new_mexico_precincts_to_42_with_5000_sims.csv,64,40,18,-1,-1,-1,-1
68941964_new_mexico_precincts_to_42_with_5000_sims.csv,41,39,35,33,-1,-1,-1
28258500_new_mexico_precincts_to_42_with_5000_sims.csv,47,40,38,-1,-1,-1,-1
23800315_new_mexico_precincts_to_42_with_5000_sims.csv,44,40,36,-1,-1,-1,-1
7295616_new_mexico_precincts_to_42_with_5000_sims.csv,49,40,36,35,24,-1,-1
13396695_new_mexico_precincts_to_42_with_5000_sims.csv,36,39,32,29,-1,-1,-1
70857496_new_mexico_precincts_to_42_with_5000_sims.csv,49,40,38,24,-1,-1,-1
56445475_new_mexico_precincts_to_42_with_5000_sims.csv,60,40,14,-1,-1,-1,-1
46709165_new_mexico_precincts_to_42_with_5000_sims.csv,44,39,33,19,-1,-1,-1
73679000_new_mexico_precincts_to_42_with_5000_sims.csv,41,39,29,-1,-1,-1,-1
87084898_new_mexico_precincts_to_42_with_5000_sims.csv,59,39,37,35,-1,-1,-1
87918872_new_mexico_precincts_to_42_with_5000_sims.csv,40,40,38,37,24,23,-1
71821520_new_mexico_precincts_to_42_with_5000_sims.csv,45,40,34,29,-1,-1,-1
17512904_new_mexico_precincts_to_42_with_5000_sims.csv,56,39,34,30,-1,-1,-1
75784262_new_mexico_precincts_to_42_with_5000_sims.csv,46,40,33,23,-1,-1,-1
55138500_new_mexico_precincts_to_42_with_5000_sims.csv,37,40,37,32,26,-1,-1
8508528_new_mexico_precincts_to_42_with_5000_sims.csv,38,39,29,-1,-1,-1,-1
94198844_new_mexico_precincts_to_42_with_5000_sims.csv,55,39,37,-1,-1,-1,-1
71092735_new_mexico_precincts_to_42_with_5000_sims.csv,57,40,27,15,-1,-1,-1
76249340_new_mexico_precincts_to_42_with_5000_sims.csv,37,40,38,36,36,31,-1
50882952_new_mexico_precincts_to_42_with_5000_sims.csv,49,40,35,-1,-1,-1,-1
12325745_new_mexico_precincts_to_42_with_5000_sims.csv,50,39,38,34,-1,-1,-1
35838075_new_mexico_precincts_to_42_with_5000_sims.csv,46,40,33,24,-1,-1,-1
65114928_new_mexico_precincts_to_42_with_5000_sims.csv,57,40,38,34,-1,-1,-1
86208468_new_mexico_precincts_to_42_with_5000_sims.csv,45,39,38,28,-1,-1,-1
7740615_new_mexico_precincts_to_42_with_5000_sims.csv,41,40,36,29,28,16,-1
95744470_new_mexico_precincts_to_42_with_5000_sims.csv,55,39,34,25,-1,-1,-1
4015044_new_mexico_precincts_to_42_with_5000_sims.csv,39,40,35,29,-1,-1,-1
28427540_new_mexico_precincts_to_42_with_5000_sims.csv,53,39,37,33,-1,-1,-1
40267710_new_mexico_precincts_to_42_with_5000_sims.csv,47,40,30,-1,-1,-1,-1
15021150_new_mexico_precincts_to_42_with_5000_sims.csv,44,40,36,-1,-1,-1,-1
67795204_new_mexico_precincts_to_42_with_5000_sims.csv,41,40,34,32,-1,-1,-1
69429312_new_mexico_precincts_to_42_with_5000_sims.csv,29,40,39,38,-1,-1,-1
54043008_new_mexico_precincts_to_42_with_5000_sims.csv,31,40,37,35,29,14,-1
41154320_new_mexico_precincts_to_42_with_5000_sims.csv,41,40,37,35,-1,-1,-1
69912800_new_mexico_precincts_to_42_with_5000_sims.csv,56,40,36,33,-1,-1,-1
24491250_new_mexico_precincts_to_42_with_5000_sims.csv,56,40,35,16,-1,-1,-1
3559193_new_mexico_precincts_to_42_with_5000_sims.csv,34,40,36,28,-1,-1,-1
74382934_new_mexico_precincts_to_42_with_5000_sims.csv,48,40,37,34,33,-1,-1
54125600_new_mexico_precincts_to_42_with_5000_sims.csv,35,40,38,25,-1,-1,-1
12165930_new_mexico_precincts_to_42_with_5000_sims.csv,13,40,38,35,23,21,-1
12767984_new_mexico_precincts_to_42_with_5000_sims.csv,44,40,35,20,-1,-1,-1
73089856_new_mexico_precincts_to_42_with_5000_sims.csv,44,40,31,30,-1,-1,-1
55716839_new_mexico_precincts_to_42_with_5000_sims.csv,31,40,36,33,-1,-1,-1
64962031_new_mexico_precincts_to_42_with_5000_sims.csv,49,40,36,-1,-1,-1,-1
81305926_new_mexico_precincts_to_42_with_5000_sims.csv,50,40,36,-1,-1,-1,-1
98152374_new_mexico_precincts_to_42_with_5000_sims.csv,32,40,33,28,-1,-1,-1
79313955_new_mexico_precincts_to_42_with_5000_sims.csv,53,40,37,22,-1,-1,-1
8627750_new_mexico_precincts_to_42_with_5000_sims.csv,57,40,35,-1,-1,-1,-1
42585264_new_mexico_precincts_to_42_with_5000_sims.csv,35,40,36,30,-1,-1,-1
59031175_new_mexico_precincts_to_42_with_5000_sims.csv,32,39,32,30,-1,-1,-1
29396804_new_mexico_precincts_to_42_with_5000_sims.csv,30,39,36,33,32,32,-1
11848094_new_mexico_precincts_to_42_with_5000_sims.csv,32,40,35,31,26,-1,-1
6579575_new_mexico_precincts_to_42_with_5000_sims.csv,25,39,35,30,-1,-1,-1
54374112_new_mexico_precincts_to_42_with_5000_sims.csv,47,40,35,-1,-1,-1,-1
81018123_new_mexico_precincts_to_42_with_5000_sims.csv,37,40,38,20,-1,-1,-1
11160942_new_mexico_precincts_to_42_with_5000_sims.csv,64,40,25,-1,-1,-1,-1
3000056_new_mexico_precincts_to_42_with_5000_sims.csv,34,39,37,34,-1,-1,-1
42154207_new_mexico_precincts_to_42_with_5000_sims.csv,54,40,37,-1,-1,-1,-1
5585560_new_mexico_precincts_to_42_with_5000_sims.csv,27,40,32,5,-1,-1,-1
32653572_new_mexico_precincts_to_42_with_5000_sims.csv,39,39,36,-1,-1,-1,-1
89432074_new_mexico_precincts_to_42_with_5000_sims.csv,36,40,37,33,31,28,-1
12870242_new_mexico_precincts_to_42_with_5000_sims.csv,46,40,35,24,-1,-1,-1
94792076_new_mexico_precincts_to_42_with_5000_sims.csv,53,40,34,-1,-1,-1,-1
1904968_new_mexico_precincts_to_42_with_5000_sims.csv,47,40,35,34,-1,-1,-1
30792037_new_mexico_precincts_to_42_with_5000_sims.csv,54,39,35,-1,-1,-1,-1
83526300_new_mexico_precincts_to_42_with_5000_sims.csv,45,40,38,36,-1,-1,-1
30223682_new_mexico_precincts_to_42_with_5000_sims.csv,53,40,34,30,-1,-1,-1
78122180_new_mexico_precincts_to_42_with_5000_sims.csv,42,40,33,30,24,-1,-1
536996_new_mexico_precincts_to_42_with_5000_sims.csv,50,40,33,32,22,-1,-1
30896301_new_mexico_precincts_to_42_with_5000_sims.csv,45,40,37,11,-1,-1,-1
13993911_new_mexico_precincts_to_42_with_5000_sims.csv,34,40,34,17,15,-1,-1
85596738_new_mexico_precincts_to_42_with_5000_sims.csv,51,40,38,-1,-1,-1,-1
7342567_new_mexico_precincts_to_42_with_5000_sims.csv,27,40,37,32,-1,-1,-1
17768604_new_mexico_precincts_to_42_with_5000_sims.csv,40,39,37,34,-1,-1,-1
97206590_new_mexico_precincts_to_42_with_5000_sims.csv,33,40,37,32,-1,-1,-1
27176876_new_mexico_precincts_to_42_with_5000_sims.csv,50,39,35,18,-1,-1,-1
21184869_new_mexico_precincts_to_42_with_5000_sims.csv,38,40,36,22,-1,-1,-1
34318214_new_mexico_precincts_to_42_with_5000_sims.csv,37,40,38,35,34,34,-1
72338075_new_mexico_precincts_to_42_with_5000_sims.csv,46,40,37,22,-1,-1,-1
28472229_new_mexico_precincts_to_42_with_5000_sims.csv,38,40,35,33,29,-1,-1
43917650_new_mexico_precincts_to_42_with_5000_sims.csv,42,40,38,37,-1,-1,-1
95269536_new_mexico_precincts_to_42_with_5000_sims.csv,45,40,38,37,36,-1,-1
16539524_new_mexico_precincts_to_42_with_5000_sims.csv,43,40,38,36,-1,-1,-1
32536980_new_mexico_precincts_to_42_with_5000_sims.csv,38,40,29,-1,-1,-1,-1
99401986_new_mexico_precincts_to_42_with_5000_sims.csv,42,40,33,32,-1,-1,-1
38388983_new_mexico_precincts_to_42_with_5000_sims.csv,32,40,36,17,-1,-1,-1
91397290_new_mexico_precincts_to_42_with_5000_sims.csv,28,40,35,30,-1,-1,-1
65249737_new_mexico_precincts_to_42_with_5000_sims.csv,34,40,36,7,-1,-1,-1
20923775_new_mexico_precincts_to_42_with_5000_sims.csv,31,40,35,23,2,-1,-1
60987146_new_mexico_precincts_to_42_with_5000_sims.csv,40,40,37,32,-1,-1,-1
74955218_new_mexico_precincts_to_42_with_5000_sims.csv,46,40,35,-1,-1,-1,-1
78029717_new_mexico_precincts_to_42_with_5000_sims.csv,42,40,35,31,-1,-1,-1
52623832_new_mexico_precincts_to_42_with_5000_sims.csv,48,40,36,25,-1,-1,-1
16397759_new_mexico_precincts_to_42_with_5000_sims.csv,36,40,36,31,22,-1,-1
35326017_new_mexico_precincts_to_42_with_5000_sims.csv,54,40,25,-1,-1,-1,-1
55667986_new_mexico_precincts_to_42_with_5000_sims.csv,34,40,35,34,-1,-1,-1
11679614_new_mexico_precincts_to_42_with_5000_sims.csv,35,40,32,29,-1,-1,-1
7105200_new_mexico_precincts_to_42_with_5000_sims.csv,36,40,35,25,-1,-1,-1
16093775_new_mexico_precincts_to_42_with_5000_sims.csv,47,40,23,-1,-1,-1,-1
13565110_new_mexico_precincts_to_42_with_5000_sims.csv,47,39,35,27,-1,-1,-1
73987325_new_mexico_precincts_to_42_with_5000_sims.csv,45,39,30,29,-1,-1,-1
84276572_new_mexico_precincts_to_42_with_5000_sims.csv,46,40,36,19,-1,-1,-1
31129820_new_mexico_precincts_to_42_with_5000_sims.csv,51,40,38,32,-1,-1,-1
26681625_new_mexico_precincts_to_42_with_5000_sims.csv,31,40,32,31,29,29,-1
74482343_new_mexico_precincts_to_42_with_5000_sims.csv,40,39,36,35,34,-1,-1
4589046_new_mexico_precincts_to_42_with_5000_sims.csv,43,40,32,30,30,27,-1
30123763_new_mexico_precincts_to_42_with_5000_sims.csv,51,40,36,-1,-1,-1,-1
63774076_new_mexico_precincts_to_42_with_5000_sims.csv,43,40,34,-1,-1,-1,-1
82618033_new_mexico_precincts_to_42_with_5000_sims.csv,47,40,34,30,-1,-1,-1
33857350_new_mexico_precincts_to_42_with_5000_sims.csv,35,40,38,36,-1,-1,-1
48033114_new_mexico_precincts_to_42_with_5000_sims.csv,31,39,33,28,-1,-1,-1
40035635_new_mexico_precincts_to_42_with_5000_sims.csv,41,40,35,35,31,-1,-1
65677665_new_mexico_precincts_to_42_with_5000_sims.csv,27,40,36,30,25,25,-1
76320016_new_mexico_precincts_to_42_with_5000_sims.csv,56,40,33,-1,-1,-1,-1
5796660_new_mexico_precincts_to_42_with_5000_sims.csv,53,39,32,30,-1,-1,-1
3052420_new_mexico_precincts_to_42_with_5000_sims.csv,53,40,34,-1,-1,-1,-1
84641032_new_mexico_precincts_to_42_with_5000_sims.csv,36,40,37,32,-1,-1,-1
58329520_new_mexico_precincts_to_42_with_5000_sims.csv,47,40,34,-1,-1,-1,-1
45402104_new_mexico_precincts_to_42_with_5000_sims.csv,47,39,33,29,-1,-1,-1
51193440_new_mexico_precincts_to_42_with_5000_sims.csv,27,40,34,32,27,-1,-1
30954858_new_mexico_precincts_to_42_with_5000_sims.csv,30,40,31,29,9,-1,-1
74107024_new_mexico_precincts_to_42_with_5000_sims.csv,48,40,35,33,32,-1,-1
28032296_new_mexico_precincts_to_42_with_5000_sims.csv,32,39,29,22,-1,-1,-1
65242088_new_mexico_precincts_to_42_with_5000_sims.csv,41,40,35,-1,-1,-1,-1
58919748_new_mexico_precincts_to_42_with_5000_sims.csv,28,40,34,31,-1,-1,-1
47717420_new_mexico_precincts_to_42_with_5000_sims.csv,38,39,35,35,-1,-1,-1
96485475_new_mexico_precincts_to_42_with_5000_sims.csv,47,40,20,-1,-1,-1,-1
7263270_new_mexico_precincts_to_42_with_5000_sims.csv,50,40,37,35,-1,-1,-1
116289_new_mexico_precincts_to_42_with_5000_sims.csv,57,40,4,-1,-1,-1,-1
4660104_new_mexico_precincts_to_42_with_5000_sims.csv,40,39,32,32,-1,-1,-1
42938054_new_mexico_precincts_to_42_with_5000_sims.csv,45,40,35,22,-1,-1,-1
40727880_new_mexico_precincts_to_42_with_5000_sims.csv,54,40,34,30,-1,-1,-1
78106560_new_mexico_precincts_to_42_with_5000_sims.csv,33,40,37,15,-1,-1,-1
71248300_new_mexico_precincts_to_42_with_5000_sims.csv,38,39,35,22,20,-1,-1
29508000_new_mexico_precincts_to_42_with_5000_sims.csv,59,40,29,-1,-1,-1,-1
51903040_new_mexico_precincts_to_42_with_5000_sims.csv,35,39,34,29,-1,-1,-1
17045868_new_mexico_precincts_to_42_with_5000_sims.csv,50,40,35,24,-1,-1,-1
32290893_new_mexico_precincts_to_42_with_5000_sims.csv,56,40,37,-1,-1,-1,-1
81060300_new_mexico_precincts_to_42_with_5000_sims.csv,45,39,36,26,-1,-1,-1
5461838_new_mexico_precincts_to_42_with_5000_sims.csv,25,40,34,33,24,-1,-1
27042906_new_mexico_precincts_to_42_with_5000_sims.csv,28,39,36,35,34,-1,-1
60755880_new_mexico_precincts_to_42_with_5000_sims.csv,47,40,36,30,-1,-1,-1
92077664_new_mexico_precincts_to_42_with_5000_sims.csv,57,40,34,-1,-1,-1,-1
18602288_new_mexico_precincts_to_42_with_5000_sims.csv,64,40,35,-1,-1,-1,-1
81245479_new_mexico_precincts_to_42_with_5000_sims.csv,38,39,35,34,31,28,-1
10798504_new_mexico_precincts_to_42_with_5000_sims.csv,43,39,37,36,31,-1,-1
47829911_new_mexico_precincts_to_42_with_5000_sims.csv,50,40,35,-1,-1,-1,-1
40846580_new_mexico_precincts_to_42_with_5000_sims.csv,47,40,37,35,23,-1,-1
81234535_new_mexico_precincts_to_42_with_5000_sims.csv,48,39,33,-1,-1,-1,-1
42986524_new_mexico_precincts_to_42_with_5000_sims.csv,40,40,30,17,-1,-1,-1
7909638_new_mexico_precincts_to_42_with_5000_sims.csv,39,40,37,30,-1,-1,-1
5323778_new_mexico_precincts_to_42_with_5000_sims.csv,60,40,30,-1,-1,-1,-1
14152458_new_mexico_precincts_to_42_with_5000_sims.csv,33,40,33,25,23,-1,-1
14190152_new_mexico_precincts_to_42_with_5000_sims.csv,50,40,27,26,-1,-1,-1
22357920_new_mexico_precincts_to_42_with_5000_sims.csv,28,40,32,30,-1,-1,-1
83974544_new_mexico_precincts_to_42_with_5000_sims.csv,36,40,38,37,-1,-1,-1
22930080_new_mexico_precincts_to_42_with_5000_sims.csv,39,40,38,35,34,29,-1
6001166_new_mexico_precincts_to_42_with_5000_sims.csv,61,40,38,33,-1,-1,-1
16351232_new_mexico_precincts_to_42_with_5000_sims.csv,43,40,37,28,-1,-1,-1
90215612_new_mexico_precincts_to_42_with_5000_sims.csv,50,40,36,-1,-1,-1,-1
46178941_new_mexico_precincts_to_42_with_5000_sims.csv,53,40,30,23,-1,-1,-1
59031556_new_mexico_precincts_to_42_with_5000_sims.csv,39,41,36,27,-1,-1,-1
71021518_new_mexico_precincts_to_42_with_5000_sims.csv,41,39,37,30,-1,-1,-1
89975458_new_mexico_precincts_to_42_with_5000_sims.csv,38,40,35,30,26,-1,-1
63202665_new_mexico_precincts_to_42_with_5000_sims.csv,40,40,35,27,24,-1,-1
92461600_new_mexico_precincts_to_42_with_5000_sims.csv,54,39,29,-1,-1,-1,-1
20756348_new_mexico_precincts_to_42_with_5000_sims.csv,45,40,36,31,-1,-1,-1
72786986_new_mexico_precincts_to_42_with_5000_sims.csv,25,40,35,32,16,-1,-1
10629668_new_mexico_precincts_to_42_with_5000_sims.csv,35,40,37,36,35,-1,-1
69124450_new_mexico_precincts_to_42_with_5000_sims.csv,54,40,37,36,-1,-1,-1
79391120_new_mexico_precincts_to_42_with_5000_sims.csv,39,40,34,33,25,-1,-1
72695588_new_mexico_precincts_to_42_with_5000_sims.csv,49,39,28,23,-1,-1,-1
1444504_new_mexico_precincts_to_42_with_5000_sims.csv,46,40,32,25,-1,-1,-1
96800633_new_mexico_precincts_to_42_with_5000_sims.csv,47,40,36,35,35,-1,-1
2662212_new_mexico_precincts_to_42_with_5000_sims.csv,51,40,38,-1,-1,-1,-1
98221724_new_mexico_precincts_to_42_with_5000_sims.csv,51,40,31,-1,-1,-1,-1
30445960_new_mexico_precincts_to_42_with_5000_sims.csv,32,40,38,33,29,-1,-1
21354272_new_mexico_precincts_to_42_with_5000_sims.csv,40,39,37,37,36,-1,-1
4449456_new_mexico_precincts_to_42_with_5000_sims.csv,39,40,31,23,-1,-1,-1
2677320_new_mexico_precincts_to_42_with_5000_sims.csv,68,40,29,23,-1,-1,-1
10190232_new_mexico_precincts_to_42_with_5000_sims.csv,47,40,37,36,-1,-1,-1
55853294_new_mexico_precincts_to_42_with_5000_sims.csv,48,40,37,36,-1,-1,-1
32037368_new_mexico_precincts_to_42_with_5000_sims.csv,46,40,27,23,-1,-1,-1
79198818_new_mexico_precincts_to_42_with_5000_sims.csv,34,39,37,32,-1,-1,-1
82831554_new_mexico_precincts_to_42_with_5000_sims.csv,54,40,34,-1,-1,-1,-1
19256720_new_mexico_precincts_to_42_with_5000_sims.csv,41,39,36,33,23,-1,-1
7123328_new_mexico_precincts_to_42_with_5000_sims.csv,53,40,37,19,-1,-1,-1
13160552_new_mexico_precincts_to_42_with_5000_sims.csv,29,40,33,28,25,-1,-1
10966926_new_mexico_precincts_to_42_with_5000_sims.csv,24,40,37,34,-1,-1,-1
99005992_new_mexico_precincts_to_42_with_5000_sims.csv,38,40,25,-1,-1,-1,-1
63801400_new_mexico_precincts_to_42_with_5000_sims.csv,28,40,31,-1,-1,-1,-1
89031230_new_mexico_precincts_to_42_with_5000_sims.csv,40,39,38,29,-1,-1,-1
89486720_new_mexico_precincts_to_42_with_5000_sims.csv,45,39,36,28,-1,-1,-1
99712816_new_mexico_precincts_to_42_with_5000_sims.csv,23,40,34,31,-1,-1,-1
85177230_new_mexico_precincts_to_42_with_5000_sims.csv,35,39,35,25,-1,-1,-1
88926080_new_mexico_precincts_to_42_with_5000_sims.csv,53,40,36,-1,-1,-1,-1
20837590_new_mexico_precincts_to_42_with_5000_sims.csv,54,40,30,9,-1,-1,-1
76506416_new_mexico_precincts_to_42_with_5000_sims.csv,54,39,30,-1,-1,-1,-1
86609114_new_mexico_precincts_to_42_with_5000_sims.csv,49,40,28,26,-1,-1,-1
93795432_new_mexico_precincts_to_42_with_5000_sims.csv,48,40,37,28,-1,-1,-1
49541320_new_mexico_precincts_to_42_with_5000_sims.csv,38,40,36,34,-1,-1,-1
33427008_new_mexico_precincts_to_42_with_5000_sims.csv,45,40,35,-1,-1,-1,-1
428278_new_mexico_precincts_to_42_with_5000_sims.csv,52,40,36,23,-1,-1,-1
12421276_new_mexico_precincts_to_42_with_5000_sims.csv,49,40,34,-1,-1,-1,-1
50601661_new_mexico_precincts_to_42_with_5000_sims.csv,62,39,30,-1,-1,-1,-1
62939913_new_mexico_precincts_to_42_with_5000_sims.csv,53,40,35,23,-1,-1,-1
64244132_new_mexico_precincts_to_42_with_5000_sims.csv,46,40,30,-1,-1,-1,-1
30886257_new_mexico_precincts_to_42_with_5000_sims.csv,53,40,37,-1,-1,-1,-1
34321833_new_mexico_precincts_to_42_with_5000_sims.csv,31,40,31,19,-1,-1,-1
58878093_new_mexico_precincts_to_42_with_5000_sims.csv,40,40,37,21,-1,-1,-1
64390200_new_mexico_precincts_to_42_with_5000_sims.csv,50,40,31,-1,-1,-1,-1
72091071_new_mexico_precincts_to_42_with_5000_sims.csv,59,40,28,-1,-1,-1,-1
3856358_new_mexico_precincts_to_42_with_5000_sims.csv,53,40,36,-1,-1,-1,-1
11331518_new_mexico_precincts_to_42_with_5000_sims.csv,45,40,34,24,-1,-1,-1
48419066_new_mexico_precincts_to_42_with_5000_sims.csv,44,39,30,-1,-1,-1,-1
39084552_new_mexico_precincts_to_42_with_5000_sims.csv,42,40,36,35,-1,-1,-1
18251835_new_mexico_precincts_to_42_with_5000_sims.csv,48,40,34,-1,-1,-1,-1
29845304_new_mexico_precincts_to_42_with_5000_sims.csv,49,39,37,34,-1,-1,-1
9388830_new_mexico_precincts_to_42_with_5000_sims.csv,46,40,34,22,-1,-1,-1
62121996_new_mexico_precincts_to_42_with_5000_sims.csv,47,40,38,17,-1,-1,-1
30082032_new_mexico_precincts_to_42_with_5000_sims.csv,46,39,35,18,-1,-1,-1
36359400_new_mexico_precincts_to_42_with_5000_sims.csv,51,39,33,24,-1,-1,-1
34171348_new_mexico_precincts_to_42_with_5000_sims.csv,56,39,36,33,-1,-1,-1
16799430_new_mexico_precincts_to_42_with_5000_sims.csv,49,40,36,28,-1,-1,-1
25941685_new_mexico_precincts_to_42_with_5000_sims.csv,40,40,37,33,-1,-1,-1
54996688_new_mexico_precincts_to_42_with_5000_sims.csv,45,40,38,-1,-1,-1,-1
67018270_new_mexico_precincts_to_42_with_5000_sims.csv,62,39,33,28,-1,-1,-1
99690864_new_mexico_precincts_to_42_with_5000_sims.csv,36,40,37,7,-1,-1,-1
90712088_new_mexico_precincts_to_42_with_5000_sims.csv,48,39,37,35,-1,-1,-1
8840944_new_mexico_precincts_to_42_with_5000_sims.csv,28,39,35,-1,-1,-1,-1
68220721_new_mexico_precincts_to_42_with_5000_sims.csv,52,40,38,26,-1,-1,-1
16282055_new_mexico_precincts_to_42_with_5000_sims.csv,34,39,32,19,-1,-1,-1
57041595_new_mexico_precincts_to_42_with_5000_sims.csv,46,40,35,34,-1,-1,-1
75723290_new_mexico_precincts_to_42_with_5000_sims.csv,47,40,34,28,26,-1,-1
95500420_new_mexico_precincts_to_42_with_5000_sims.csv,41,39,36,31,26,-1,-1
70514400_new_mexico_precincts_to_42_with_5000_sims.csv,40,40,33,17,-1,-1,-1
6096384_new_mexico_precincts_to_42_with_5000_sims.csv,67,40,31,-1,-1,-1,-1
73584868_new_mexico_precincts_to_42_with_5000_sims.csv,63,40,37,37,36,-1,-1
2033420_new_mexico_precincts_to_42_with_5000_sims.csv,42,40,38,29,-1,-1,-1
17723734_new_mexico_precincts_to_42_with_5000_sims.csv,55,40,30,-1,-1,-1,-1
20141474_new_mexico_precincts_to_42_with_5000_sims.csv,39,40,34,23,-1,-1,-1
99361017_new_mexico_precincts_to_42_with_5000_sims.csv,27,40,31,27,21,-1,-1
90292295_new_mexico_precincts_to_42_with_5000_sims.csv,60,39,35,-1,-1,-1,-1
90548090_new_mexico_precincts_to_42_with_5000_sims.csv,49,40,38,32,-1,-1,-1
31763720_new_mexico_precincts_to_42_with_5000_sims.csv,47,40,33,-1,-1,-1,-1
26264544_new_mexico_precincts_to_42_with_5000_sims.csv,46,39,34,33,-1,-1,-1
19777239_new_mexico_precincts_to_42_with_5000_sims.csv,33,40,37,25,19,-1,-1
12735082_new_mexico_precincts_to_42_with_5000_sims.csv,50,40,32,-1,-1,-1,-1
92801560_new_mexico_precincts_to_42_with_5000_sims.csv,45,39,36,23,16,-1,-1
6129876_new_mexico_precincts_to_42_with_5000_sims.csv,55,39,34,-1,-1,-1,-1
17089631_new_mexico_precincts_to_42_with_5000_sims.csv,46,40,28,-1,-1,-1,-1
57549694_new_mexico_precincts_to_42_with_5000_sims.csv,62,40,32,-1,-1,-1,-1
30529488_new_mexico_precincts_to_42_with_5000_sims.csv,39,40,38,23,-1,-1,-1
56465710_new_mexico_precincts_to_42_with_5000_sims.csv,45,40,36,-1,-1,-1,-1
98280578_new_mexico_precincts_to_42_with_5000_sims.csv,47,40,37,35,-1,-1,-1
74033668_new_mexico_precincts_to_42_with_5000_sims.csv,33,39,34,33,32,29,-1
63630664_new_mexico_precincts_to_42_with_5000_sims.csv,45,40,35,30,-1,-1,-1
97169403_new_mexico_precincts_to_42_with_5000_sims.csv,42,39,36,24,22,-1,-1
42574172_new_mexico_precincts_to_42_with_5000_sims.csv,71,40,37,-1,-1,-1,-1
49179336_new_mexico_precincts_to_42_with_5000_sims.csv,45,39,34,30,-1,-1,-1
72154704_new_mexico_precincts_to_42_with_5000_sims.csv,34,39,35,19,-1,-1,-1
62335669_new_mexico_precincts_to_42_with_5000_sims.csv,52,39,36,18,-1,-1,-1
867345_new_mexico_precincts_to_42_with_5000_sims.csv,53,40,38,-1,-1,-1,-1
69903896_new_mexico_precincts_to_42_with_5000_sims.csv,47,40,33,-1,-1,-1,-1
79692247_new_mexico_precincts_to_42_with_5000_sims.csv,36,40,37,34,33,-1,-1
61562392_new_mexico_precincts_to_42_with_5000_sims.csv,36,40,32,30,30,-1,-1
60446602_new_mexico_precincts_to_42_with_5000_sims.csv,10,39,32,30,28,27,-1
35026198_new_mexico_precincts_to_42_with_5000_sims.csv,46,40,32,-1,-1,-1,-1
54702856_new_mexico_precincts_to_42_with_5000_sims.csv,36,40,36,33,-1,-1,-1
86235027_new_mexico_precincts_to_42_with_5000_sims.csv,28,40,33,31,24,21,-1
74819146_new_mexico_precincts_to_42_with_5000_sims.csv,52,40,37,26,-1,-1,-1
98493435_new_mexico_precincts_to_42_with_5000_sims.csv,48,39,35,24,-1,-1,-1
66184924_new_mexico_precincts_to_42_with_5000_sims.csv,47,39,26,-1,-1,-1,-1
18560707_new_mexico_precincts_to_42_with_5000_sims.csv,52,39,33,-1,-1,-1,-1
49227710_new_mexico_precincts_to_42_with_5000_sims.csv,32,40,36,22,-1,-1,-1
97248958_new_mexico_precincts_to_42_with_5000_sims.csv,15,39,35,34,32,24,-1
4286572_new_mexico_precincts_to_42_with_5000_sims.csv,43,39,36,36,-1,-1,-1
27516528_new_mexico_precincts_to_42_with_5000_sims.csv,27,39,34,32,30,30,-1
63016788_new_mexico_precincts_to_42_with_5000_sims.csv,31,40,33,29,5,-1,-1
9905956_new_mexico_precincts_to_42_with_5000_sims.csv,54,40,34,31,-1,-1,-1
2275088_new_mexico_precincts_to_42_with_5000_sims.csv,62,40,34,27,-1,-1,-1
44700628_new_mexico_precincts_to_42_with_5000_sims.csv,44,40,30,25,-1,-1,-1
52405814_new_mexico_precincts_to_42_with_5000_sims.csv,37,40,37,34,26,12,-1
41971456_new_mexico_precincts_to_42_with_5000_sims.csv,36,40,38,30,22,-1,-1
39072368_new_mexico_precincts_to_42_with_5000_sims.csv,45,40,35,33,-1,-1,-1
69706735_new_mexico_precincts_to_42_with_5000_sims.csv,33,40,37,28,-1,-1,-1
66099940_new_mexico_precincts_to_42_with_5000_sims.csv,41,40,35,-1,-1,-1,-1
75651646_new_mexico_precincts_to_42_with_5000_sims.csv,45,39,32,21,-1,-1,-1
85458538_new_mexico_precincts_to_42_with_5000_sims.csv,54,39,36,29,28,-1,-1
18750980_new_mexico_precincts_to_42_with_5000_sims.csv,37,40,37,35,-1,-1,-1
53912848_new_mexico_precincts_to_42_with_5000_sims.csv,47,39,32,16,-1,-1,-1
97525949_new_mexico_precincts_to_42_with_5000_sims.csv,46,39,33,33,-1,-1,-1
83360818_new_mexico_precincts_to_42_with_5000_sims.csv,37,40,37,28,-1,-1,-1
39189589_new_mexico_precincts_to_42_with_5000_sims.csv,28,39,36,35,35,-1,-1
11098039_new_mexico_precincts_to_42_with_5000_sims.csv,34,40,39,38,34,28,-1
51944004_new_mexico_precincts_to_42_with_5000_sims.csv,34,40,32,27,14,-1,-1
6948180_new_mexico_precincts_to_42_with_5000_sims.csv,46,40,36,-1,-1,-1,-1
81313706_new_mexico_precincts_to_42_with_5000_sims.csv,31,40,36,32,-1,-1,-1
20508634_new_mexico_precincts_to_42_with_5000_sims.csv,49,40,34,-1,-1,-1,-1
42423348_new_mexico_precincts_to_42_with_5000_sims.csv,42,39,36,34,33,-1,-1
87009500_new_mexico_precincts_to_42_with_5000_sims.csv,54,39,37,-1,-1,-1,-1
27853016_new_mexico_precincts_to_42_with_5000_sims.csv,49,40,38,37,-1,-1,-1
14721600_new_mexico_precincts_to_42_with_5000_sims.csv,45,40,37,24,-1,-1,-1
53030024_new_mexico_precincts_to_42_with_5000_sims.csv,50,39,35,29,-1,-1,-1
51119340_new_mexico_precincts_to_42_with_5000_sims.csv,44,40,36,33,25,-1,-1
4027745_new_mexico_precincts_to_42_with_5000_sims.csv,45,40,37,32,-1,-1,-1
90850544_new_mexico_precincts_to_42_with_5000_sims.csv,51,40,32,16,-1,-1,-1
29808570_new_mexico_precincts_to_42_with_5000_sims.csv,52,40,37,36,-1,-1,-1
17542810_new_mexico_precincts_to_42_with_5000_sims.csv,60,39,35,18,-1,-1,-1
94242829_new_mexico_precincts_to_42_with_5000_sims.csv,36,40,33,30,-1,-1,-1
12284739_new_mexico_precincts_to_42_with_5000_sims.csv,43,40,25,14,-1,-1,-1
28916344_new_mexico_precincts_to_42_with_5000_sims.csv,56,39,32,-1,-1,-1,-1
98760773_new_mexico_precincts_to_42_with_5000_sims.csv,58,40,31,-1,-1,-1,-1
48215230_new_mexico_precincts_to_42_with_5000_sims.csv,51,40,31,-1,-1,-1,-1
38794959_new_mexico_precincts_to_42_with_5000_sims.csv,34,39,37,37,18,-1,-1
26419769_new_mexico_precincts_to_42_with_5000_sims.csv,22,40,33,32,32,15,-1
38888035_new_mexico_precincts_to_42_with_5000_sims.csv,43,40,35,31,-1,-1,-1
49497644_new_mexico_precincts_to_42_with_5000_sims.csv,48,39,37,27,-1,-1,-1
15554138_new_mexico_precincts_to_42_with_5000_sims.csv,35,40,37,36,36,-1,-1
89407470_new_mexico_precincts_to_42_with_5000_sims.csv,38,40,34,11,-1,-1,-1
82514720_new_mexico_precincts_to_42_with_5000_sims.csv,51,40,33,30,-1,-1,-1
10667168_new_mexico_precincts_to_42_with_5000_sims.csv,38,40,28,28,-1,-1,-1
38955528_new_mexico_precincts_to_42_with_5000_sims.csv,45,40,28,-1,-1,-1,-1
54820101_new_mexico_precincts_to_42_with_5000_sims.csv,53,40,35,32,-1,-1,-1
86044320_new_mexico_precincts_to_42_with_5000_sims.csv,42,40,32,-1,-1,-1,-1
7711856_new_mexico_precincts_to_42_with_5000_sims.csv,45,40,28,-1,-1,-1,-1
61775210_new_mexico_precincts_to_42_with_5000_sims.csv,12,39,34,34,33,32,-1
61079832_new_mexico_precincts_to_42_with_5000_sims.csv,17,40,38,37,35,12,-1
65878120_new_mexico_precincts_to_42_with_5000_sims.csv,57,40,36,-1,-1,-1,-1
62028510_new_mexico_precincts_to_42_with_5000_sims.csv,36,40,39,-1,-1,-1,-1
59646442_new_mexico_precincts_to_42_with_5000_sims.csv,58,40,35,-1,-1,-1,-1
82562775_new_mexico_precincts_to_42_with_5000_sims.csv,57,39,32,9,-1,-1,-1
2267379_new_mexico_precincts_to_42_with_5000_sims.csv,39,40,35,27,-1,-1,-1
77591040_new_mexico_precincts_to_42_with_5000_sims.csv,41,40,36,28,-1,-1,-1
95756621_new_mexico_precincts_to_42_with_5000_sims.csv,45,40,35,29,-1,-1,-1
52081384_new_mexico_precincts_to_42_with_5000_sims.csv,45,40,38,38,30,-1,-1
15657126_new_mexico_precincts_to_42_with_5000_sims.csv,58,40,33,26,-1,-1,-1
19098485_new_mexico_precincts_to_42_with_5000_sims.csv,28,40,36,33,32,-1,-1
89145327_new_mexico_precincts_to_42_with_5000_sims.csv,56,39,36,35,32,-1,-1
11349716_new_mexico_precincts_to_42_with_5000_sims.csv,54,40,22,-1,-1,-1,-1
53947650_new_mexico_precincts_to_42_with_5000_sims.csv,47,40,37,-1,-1,-1,-1
26693965_new_mexico_precincts_to_42_with_5000_sims.csv,52,40,30,-1,-1,-1,-1
88835200_new_mexico_precincts_to_42_with_5000_sims.csv,37,40,37,36,-1,-1,-1
59274200_new_mexico_precincts_to_42_with_5000_sims.csv,54,39,32,30,19,-1,-1
5280188_new_mexico_precincts_to_42_with_5000_sims.csv,45,39,36,32,-1,-1,-1
56564274_new_mexico_precincts_to_42_with_5000_sims.csv,42,40,37,33,32,-1,-1
52051551_new_mexico_precincts_to_42_with_5000_sims.csv,49,39,37,27,-1,-1,-1
56385884_new_mexico_precincts_to_42_with_5000_sims.csv,40,40,33,31,-1,-1,-1
69087820_new_mexico_precincts_to_42_with_5000_sims.csv,47,40,34,-1,-1,-1,-1
17576234_new_mexico_precincts_to_42_with_5000_sims.csv,51,39,35,25,-1,-1,-1
482660_new_mexico_precincts_to_42_with_5000_sims.csv,44,40,37,20,-1,-1,-1
29276906_new_mexico_precincts_to_42_with_5000_sims.csv,27,40,32,25,25,-1,-1
10791616_new_mexico_precincts_to_42_with_5000_sims.csv,32,40,38,36,-1,-1,-1
48450495_new_mexico_precincts_to_42_with_5000_sims.csv,46,40,28,27,-1,-1,-1
16837518_new_mexico_precincts_to_42_with_5000_sims.csv,46,40,33,-1,-1,-1,-1
57323048_new_mexico_precincts_to_42_with_5000_sims.csv,55,39,33,29,-1,-1,-1
5773216_new_mexico_precincts_to_42_with_5000_sims.csv,42,40,35,32,-1,-1,-1
51118536_new_mexico_precincts_to_42_with_5000_sims.csv,37,40,22,14,-1,-1,-1
12544597_new_mexico_precincts_to_42_with_5000_sims.csv,42,40,37,31,-1,-1,-1
37953581_new_mexico_precincts_to_42_with_5000_sims.csv,41,40,36,35,29,-1,-1
6309981_new_mexico_precincts_to_42_with_5000_sims.csv,65,40,38,-1,-1,-1,-1
9320970_new_mexico_precincts_to_42_with_5000_sims.csv,20,40,38,21,-1,-1,-1
63775630_new_mexico_precincts_to_42_with_5000_sims.csv,62,40,36,-1,-1,-1,-1
94389_new_mexico_precincts_to_42_with_5000_sims.csv,32,40,36,34,-1,-1,-1
2414598_new_mexico_precincts_to_42_with_5000_sims.csv,38,40,28,-1,-1,-1,-1
67123320_new_mexico_precincts_to_42_with_5000_sims.csv,51,40,33,-1,-1,-1,-1
59890912_new_mexico_precincts_to_42_with_5000_sims.csv,37,40,36,13,-1,-1,-1
15474592_new_mexico_precincts_to_42_with_5000_sims.csv,43,40,37,30,-1,-1,-1
8402684_new_mexico_precincts_to_42_with_5000_sims.csv,43,40,35,32,-1,-1,-1
54498946_new_mexico_precincts_to_42_with_5000_sims.csv,48,40,35,24,-1,-1,-1
20439898_new_mexico_precincts_to_42_with_5000_sims.csv,32,39,33,30,-1,-1,-1
2275355_new_mexico_precincts_to_42_with_5000_sims.csv,35,40,37,32,-1,-1,-1
27489912_new_mexico_precincts_to_42_with_5000_sims.csv,49,40,34,-1,-1,-1,-1
21117421_new_mexico_precincts_to_42_with_5000_sims.csv,56,40,35,29,-1,-1,-1
67709053_new_mexico_precincts_to_42_with_5000_sims.csv,36,39,31,14,-1,-1,-1
77875344_new_mexico_precincts_to_42_with_5000_sims.csv,37,39,37,35,-1,-1,-1
19566580_new_mexico_precincts_to_42_with_5000_sims.csv,38,40,36,35,28,-1,-1
74195370_new_mexico_precincts_to_42_with_5000_sims.csv,60,40,38,10,-1,-1,-1
36791808_new_mexico_precincts_to_42_with_5000_sims.csv,46,40,36,18,-1,-1,-1
1372770_new_mexico_precincts_to_42_with_5000_sims.csv,44,40,33,-1,-1,-1,-1
79993880_new_mexico_precincts_to_42_with_5000_sims.csv,50,39,34,19,-1,-1,-1
69412058_new_mexico_precincts_to_42_with_5000_sims.csv,42,40,31,-1,-1,-1,-1
14380052_new_mexico_precincts_to_42_with_5000_sims.csv,37,40,31,-1,-1,-1,-1
10779480_new_mexico_precincts_to_42_with_5000_sims.csv,41,40,25,11,-1,-1,-1
57096398_new_mexico_precincts_to_42_with_5000_sims.csv,44,39,35,31,-1,-1,-1
30281808_new_mexico_precincts_to_42_with_5000_sims.csv,47,40,37,36,-1,-1,-1
70042202_new_mexico_precincts_to_42_with_5000_sims.csv,56,40,30,-1,-1,-1,-1
9490752_new_mexico_precincts_to_42_with_5000_sims.csv,34,40,36,33,27,27,-1
79832800_new_mexico_precincts_to_42_with_5000_sims.csv,31,39,33,31,27,27,-1
1626080_new_mexico_precincts_to_42_with_5000_sims.csv,54,40,37,29,-1,-1,-1
23539030_new_mexico_precincts_to_42_with_5000_sims.csv,49,39,37,35,-1,-1,-1
50702320_new_mexico_precincts_to_42_with_5000_sims.csv,35,40,34,32,-1,-1,-1
56405240_new_mexico_precincts_to_42_with_5000_sims.csv,54,40,33,30,28,-1,-1
52019941_new_mexico_precincts_to_42_with_5000_sims.csv,33,40,35,33,-1,-1,-1
65607528_new_mexico_precincts_to_42_with_5000_sims.csv,46,40,35,34,-1,-1,-1
15551009_new_mexico_precincts_to_42_with_5000_sims.csv,53,39,36,25,-1,-1,-1
34605962_new_mexico_precincts_to_42_with_5000_sims.csv,39,40,33,27,-1,-1,-1
59073647_new_mexico_precincts_to_42_with_5000_sims.csv,41,39,31,-1,-1,-1,-1
34579920_new_mexico_precincts_to_42_with_5000_sims.csv,26,40,34,29,27,27,-1
65733088_new_mexico_precincts_to_42_with_5000_sims.csv,50,40,38,33,-1,-1,-1
10833325_new_mexico_precincts_to_42_with_5000_sims.csv,45,39,32,-1,-1,-1,-1
39977518_new_mexico_precincts_to_42_with_5000_sims.csv,54,40,35,33,-1,-1,-1
85923990_new_mexico_precincts_to_42_with_5000_sims.csv,52,40,37,36,30,-1,-1
72524781_new_mexico_precincts_to_42_with_5000_sims.csv,52,40,39,38,-1,-1,-1
44395959_new_mexico_precincts_to_42_with_5000_sims.csv,24,40,32,31,28,16,-1
28780640_new_mexico_precincts_to_42_with_5000_sims.csv,42,39,30,20,-1,-1,-1
52545250_new_mexico_precincts_to_42_with_5000_sims.csv,56,40,37,28,-1,-1,-1
99720490_new_mexico_precincts_to_42_with_5000_sims.csv,32,39,37,16,13,-1,-1
77393868_new_mexico_precincts_to_42_with_5000_sims.csv,55,40,38,36,-1,-1,-1
85690804_new_mexico_precincts_to_42_with_5000_sims.csv,55,40,33,-1,-1,-1,-1
12807256_new_mexico_precincts_to_42_with_5000_sims.csv,42,40,36,23,-1,-1,-1
50796585_new_mexico_precincts_to_42_with_5000_sims.csv,38,39,36,-1,-1,-1,-1
17282750_new_mexico_precincts_to_42_with_5000_sims.csv,56,40,33,18,-1,-1,-1
91519722_new_mexico_precincts_to_42_with_5000_sims.csv,33,39,38,37,32,-1,-1
68647936_new_mexico_precincts_to_42_with_5000_sims.csv,49,40,34,21,-1,-1,-1
66352472_new_mexico_precincts_to_42_with_5000_sims.csv,27,39,36,34,32,31,-1
75364079_new_mexico_precincts_to_42_with_5000_sims.csv,60,40,32,31,-1,-1,-1
8339984_new_mexico_precincts_to_42_with_5000_sims.csv,26,40,37,34,33,33,-1
54772604_new_mexico_precincts_to_42_with_5000_sims.csv,44,40,21,-1,-1,-1,-1
40306138_new_mexico_precincts_to_42_with_5000_sims.csv,55,40,38,-1,-1,-1,-1
26745888_new_mexico_precincts_to_42_with_5000_sims.csv,54,40,37,-1,-1,-1,-1
17549432_new_mexico_precincts_to_42_with_5000_sims.csv,40,40,38,37,-1,-1,-1
30569100_new_mexico_precincts_to_42_with_5000_sims.csv,36,40,33,25,-1,-1,-1
58656194_new_mexico_precincts_to_42_with_5000_sims.csv,39,40,37,31,-1,-1,-1
5411939_new_mexico_precincts_to_42_with_5000_sims.csv,50,40,32,27,-1,-1,-1
91227629_new_mexico_precincts_to_42_with_5000_sims.csv,32,40,34,22,-1,-1,-1
50013630_new_mexico_precincts_to_42_with_5000_sims.csv,56,39,22,-1,-1,-1,-1
17563426_new_mexico_precincts_to_42_with_5000_sims.csv,35,40,33,23,-1,-1,-1
8428144_new_mexico_precincts_to_42_with_5000_sims.csv,37,40,35,34,30,-1,-1
2561659_new_mexico_precincts_to_42_with_5000_sims.csv,43,40,37,24,-1,-1,-1
60978288_new_mexico_precincts_to_42_with_5000_sims.csv,51,39,32,-1,-1,-1,-1
11697960_new_mexico_precincts_to_42_with_5000_sims.csv,38,40,33,29,-1,-1,-1
18707676_new_mexico_precincts_to_42_with_5000_sims.csv,33,40,36,35,-1,-1,-1
2404448_new_mexico_precincts_to_42_with_5000_sims.csv,45,40,34,33,-1,-1,-1
39017850_new_mexico_precincts_to_42_with_5000_sims.csv,71,39,24,-1,-1,-1,-1
48741850_new_mexico_precincts_to_42_with_5000_sims.csv,44,40,33,23,-1,-1,-1
68421516_new_mexico_precincts_to_42_with_5000_sims.csv,37,40,34,32,-1,-1,-1
24216576_new_mexico_precincts_to_42_with_5000_sims.csv,41,39,34,25,-1,-1,-1
17936121_new_mexico_precincts_to_42_with_5000_sims.csv,40,40,30,-1,-1,-1,-1
2539059_new_mexico_precincts_to_42_with_5000_sims.csv,27,40,38,38,30,-1,-1
4588780_new_mexico_precincts_to_42_with_5000_sims.csv,34,39,32,17,-1,-1,-1
75635222_new_mexico_precincts_to_42_with_5000_sims.csv,50,39,28,-1,-1,-1,-1
15758145_new_mexico_precincts_to_42_with_5000_sims.csv,49,40,37,-1,-1,-1,-1
4258704_new_mexico_precincts_to_42_with_5000_sims.csv,42,40,36,28,21,-1,-1
28367076_new_mexico_precincts_to_42_with_5000_sims.csv,45,40,29,-1,-1,-1,-1
8742650_new_mexico_precincts_to_42_with_5000_sims.csv,38,40,37,32,-1,-1,-1
65640094_new_mexico_precincts_to_42_with_5000_sims.csv,45,40,36,29,29,21,-1
735840_new_mexico_precincts_to_42_with_5000_sims.csv,56,39,22,-1,-1,-1,-1
35973392_new_mexico_precincts_to_42_with_5000_sims.csv,27,40,35,25,-1,-1,-1
10060160_new_mexico_precincts_to_42_with_5000_sims.csv,51,40,34,30,3,-1,-1
49773730_new_mexico_precincts_to_42_with_5000_sims.csv,33,40,37,28,27,-1,-1
18149302_new_mexico_precincts_to_42_with_5000_sims.csv,47,39,31,-1,-1,-1,-1
95605760_new_mexico_precincts_to_42_with_5000_sims.csv,48,40,32,31,-1,-1,-1
18014360_new_mexico_precincts_to_42_with_5000_sims.csv,50,40,35,32,30,-1,-1
51502235_new_mexico_precincts_to_42_with_5000_sims.csv,53,40,36,-1,-1,-1,-1
80423667_new_mexico_precincts_to_42_with_5000_sims.csv,47,39,34,-1,-1,-1,-1
8145856_new_mexico_precincts_to_42_with_5000_sims.csv,38,40,36,-1,-1,-1,-1
92000949_new_mexico_precincts_to_42_with_5000_sims.csv,35,40,38,-1,-1,-1,-1
18976020_new_mexico_precincts_to_42_with_5000_sims.csv,25,39,33,29,18,-1,-1
92851537_new_mexico_precincts_to_42_with_5000_sims.csv,49,40,38,37,34,-1,-1
40287450_new_mexico_precincts_to_42_with_5000_sims.csv,39,40,31,20,-1,-1,-1
37032164_new_mexico_precincts_to_42_with_5000_sims.csv,37,40,33,30,28,-1,-1
21618508_new_mexico_precincts_to_42_with_5000_sims.csv,38,40,36,-1,-1,-1,-1
5688948_new_mexico_precincts_to_42_with_5000_sims.csv,29,39,35,32,27,-1,-1
1514555_new_mexico_precincts_to_42_with_5000_sims.csv,43,40,33,27,21,18,-1
88369637_new_mexico_precincts_to_42_with_5000_sims.csv,63,40,37,-1,-1,-1,-1
76005522_new_mexico_precincts_to_42_with_5000_sims.csv,50,40,37,30,-1,-1,-1
24081061_new_mexico_precincts_to_42_with_5000_sims.csv,44,39,34,31,-1,-1,-1
96047728_new_mexico_precincts_to_42_with_5000_sims.csv,39,40,36,30,27,-1,-1
65429385_new_mexico_precincts_to_42_with_5000_sims.csv,37,39,31,15,-1,-1,-1
61838840_new_mexico_precincts_to_42_with_5000_sims.csv,33,40,37,23,21,-1,-1
48542049_new_mexico_precincts_to_42_with_5000_sims.csv,32,39,35,-1,-1,-1,-1
71266572_new_mexico_precincts_to_42_with_5000_sims.csv,49,40,37,-1,-1,-1,-1
75926030_new_mexico_precincts_to_42_with_5000_sims.csv,57,40,38,16,-1,-1,-1
18303060_new_mexico_precincts_to_42_with_5000_sims.csv,42,40,36,-1,-1,-1,-1
90596240_new_mexico_precincts_to_42_with_5000_sims.csv,53,40,27,-1,-1,-1,-1
61476451_new_mexico_precincts_to_42_with_5000_sims.csv,25,40,36,34,9,-1,-1
73275998_new_mexico_precincts_to_42_with_5000_sims.csv,38,40,37,35,34,-1,-1
15874454_new_mexico_precincts_to_42_with_5000_sims.csv,44,40,37,31,31,-1,-1
68498104_new_mexico_precincts_to_42_with_5000_sims.csv,42,40,34,-1,-1,-1,-1
85671924_new_mexico_precincts_to_42_with_5000_sims.csv,50,40,29,-1,-1,-1,-1
26188730_new_mexico_precincts_to_42_with_5000_sims.csv,35,39,33,31,-1,-1,-1
49032840_new_mexico_precincts_to_42_with_5000_sims.csv,47,40,27,-1,-1,-1,-1
96347632_new_mexico_precincts_to_42_with_5000_sims.csv,41,40,34,28,-1,-1,-1
14677623_new_mexico_precincts_to_42_with_5000_sims.csv,39,40,39,26,-1,-1,-1
99527817_new_mexico_precincts_to_42_with_5000_sims.csv,57,40,36,26,-1,-1,-1
75381344_new_mexico_precincts_to_42_with_5000_sims.csv,61,40,32,-1,-1,-1,-1
2997291_new_mexico_precincts_to_42_with_5000_sims.csv,43,40,36,35,-1,-1,-1
6973889_new_mexico_precincts_to_42_with_5000_sims.csv,29,40,33,31,16,-1,-1
73229306_new_mexico_precincts_to_42_with_5000_sims.csv,47,39,37,6,-1,-1,-1
55518880_new_mexico_precincts_to_42_with_5000_sims.csv,37,40,37,22,-1,-1,-1
34028900_new_mexico_precincts_to_42_with_5000_sims.csv,36,40,31,19,-1,-1,-1
99876088_new_mexico_precincts_to_42_with_5000_sims.csv,36,40,33,25,-1,-1,-1
94188172_new_mexico_precincts_to_42_with_5000_sims.csv,40,40,38,30,-1,-1,-1
13599232_new_mexico_precincts_to_42_with_5000_sims.csv,44,39,34,18,-1,-1,-1
61780710_new_mexico_precincts_to_42_with_5000_sims.csv,66,39,35,-1,-1,-1,-1
73902458_new_mexico_precincts_to_42_with_5000_sims.csv,46,40,33,28,-1,-1,-1
37380405_new_mexico_precincts_to_42_with_5000_sims.csv,42,40,31,14,-1,-1,-1
16692172_new_mexico_precincts_to_42_with_5000_sims.csv,43,40,38,-1,-1,-1,-1
51086841_new_mexico_precincts_to_42_with_5000_sims.csv,48,39,34,27,-1,-1,-1
3913105_new_mexico_precincts_to_42_with_5000_sims.csv,29,40,34,34,29,-1,-1
31577593_new_mexico_precincts_to_42_with_5000_sims.csv,44,40,36,35,23,-1,-1
31149125_new_mexico_precincts_to_42_with_5000_sims.csv,43,40,36,-1,-1,-1,-1
87263550_new_mexico_precincts_to_42_with_5000_sims.csv,52,40,37,36,-1,-1,-1
1221012_new_mexico_precincts_to_42_with_5000_sims.csv,35,40,36,17,-1,-1,-1
47837050_new_mexico_precincts_to_42_with_5000_sims.csv,42,39,35,-1,-1,-1,-1
50621965_new_mexico_precincts_to_42_with_5000_sims.csv,56,40,28,-1,-1,-1,-1
15511161_new_mexico_precincts_to_42_with_5000_sims.csv,57,40,34,16,-1,-1,-1
54496175_new_mexico_precincts_to_42_with_5000_sims.csv,51,40,37,-1,-1,-1,-1
48767684_new_mexico_precincts_to_42_with_5000_sims.csv,35,40,33,18,-1,-1,-1
15725865_new_mexico_precincts_to_42_with_5000_sims.csv,31,40,32,27,-1,-1,-1
47465329_new_mexico_precincts_to_42_with_5000_sims.csv,44,40,34,18,-1,-1,-1
23205654_new_mexico_precincts_to_42_with_5000_sims.csv,48,40,37,-1,-1,-1,-1
20825078_new_mexico_precincts_to_42_with_5000_sims.csv,32,40,38,37,35,-1,-1
48610100_new_mexico_precincts_to_42_with_5000_sims.csv,54,39,34,29,-1,-1,-1
56163722_new_mexico_precincts_to_42_with_5000_sims.csv,42,40,29,27,-1,-1,-1
80527105_new_mexico_precincts_to_42_with_5000_sims.csv,57,40,36,-1,-1,-1,-1
50101406_new_mexico_precincts_to_42_with_5000_sims.csv,49,40,28,-1,-1,-1,-1
9092943_new_mexico_precincts_to_42_with_5000_sims.csv,44,39,35,-1,-1,-1,-1
8713204_new_mexico_precincts_to_42_with_5000_sims.csv,54,40,13,-1,-1,-1,-1
1016995_new_mexico_precincts_to_42_with_5000_sims.csv,48,40,33,30,30,28,-1
50818755_new_mexico_precincts_to_42_with_5000_sims.csv,29,39,37,35,33,19,-1
27806802_new_mexico_precincts_to_42_with_5000_sims.csv,30,40,35,20,-1,-1,-1
6045039_new_mexico_precincts_to_42_with_5000_sims.csv,37,40,39,17,-1,-1,-1
2242240_new_mexico_precincts_to_42_with_5000_sims.csv,69,39,35,24,-1,-1,-1
43530738_new_mexico_precincts_to_42_with_5000_sims.csv,49,40,34,-1,-1,-1,-1
33348940_new_mexico_precincts_to_42_with_5000_sims.csv,46,40,32,30,-1,-1,-1
14303110_new_mexico_precincts_to_42_with_5000_sims.csv,49,39,32,-1,-1,-1,-1
88903850_new_mexico_precincts_to_42_with_5000_sims.csv,47,40,38,37,-1,-1,-1
3784250_new_mexico_precincts_to_42_with_5000_sims.csv,27,39,30,19,-1,-1,-1
58749821_new_mexico_precincts_to_42_with_5000_sims.csv,24,39,33,32,30,-1,-1
34842219_new_mexico_precincts_to_42_with_5000_sims.csv,42,40,36,30,-1,-1,-1
94075288_new_mexico_precincts_to_42_with_5000_sims.csv,45,40,34,-1,-1,-1,-1
27165580_new_mexico_precincts_to_42_with_5000_sims.csv,30,40,37,32,27,-1,-1
1031600_new_mexico_precincts_to_42_with_5000_sims.csv,42,40,19,-1,-1,-1,-1
42681720_new_mexico_precincts_to_42_with_5000_sims.csv,46,39,33,20,-1,-1,-1
10727507_new_mexico_precincts_to_42_with_5000_sims.csv,69,40,37,8,-1,-1,-1
61641657_new_mexico_precincts_to_42_with_5000_sims.csv,41,40,39,38,37,37,-1
20859120_new_mexico_precincts_to_42_with_5000_sims.csv,45,40,38,34,-1,-1,-1
65340494_new_mexico_precincts_to_42_with_5000_sims.csv,39,40,38,37,30,30,-1
3712897_new_mexico_precincts_to_42_with_5000_sims.csv,51,39,35,-1,-1,-1,-1
29571395_new_mexico_precincts_to_42_with_5000_sims.csv,40,40,34,16,-1,-1,-1
22640840_new_mexico_precincts_to_42_with_5000_sims.csv,58,39,33,-1,-1,-1,-1
16247380_new_mexico_precincts_to_42_with_5000_sims.csv,46,40,37,24,-1,-1,-1
35206028_new_mexico_precincts_to_42_with_5000_sims.csv,40,40,28,15,-1,-1,-1
39709416_new_mexico_precincts_to_42_with_5000_sims.csv,40,40,38,21,19,-1,-1
93905070_new_mexico_precincts_to_42_with_5000_sims.csv,45,40,37,30,-1,-1,-1
22145965_new_mexico_precincts_to_42_with_5000_sims.csv,45,40,37,37,-1,-1,-1
95446696_new_mexico_precincts_to_42_with_5000_sims.csv,58,39,36,7,-1,-1,-1
55979733_new_mexico_precincts_to_42_with_5000_sims.csv,34,40,32,25,23,-1,-1
89582642_new_mexico_precincts_to_42_with_5000_sims.csv,42,39,36,25,-1,-1,-1
68047616_new_mexico_precincts_to_42_with_5000_sims.csv,40,39,35,32,31,-1,-1
91406666_new_mexico_precincts_to_42_with_5000_sims.csv,48,40,36,-1,-1,-1,-1
32359160_new_mexico_precincts_to_42_with_5000_sims.csv,54,40,34,26,-1,-1,-1
88543180_new_mexico_precincts_to_42_with_5000_sims.csv,68,40,35,-1,-1,-1,-1
77923484_new_mexico_precincts_to_42_with_5000_sims.csv,44,40,35,25,-1,-1,-1
